Date,Open,High,Low,Close,Volume
02-03-2016,1907.07,1918.01,1872.23,1912.53,8937
02-04-2016,1911.67,1927.35,1900.52,1915.45,8655
02-05-2016,1913.07,1913.07,1872.65,1880.05,8663
02-08-2016,1873.25,1873.25,1828.46,1853.44,10129
02-09-2016,1848.46,1868.25,1834.94,1852.21,8473
02-10-2016,1857.1,1881.6,1850.32,1851.86,7651
02-11-2016,1847,1847,1810.1,1829.08,9593
02-12-2016,1833.4,1864.78,1833.4,1864.78,8037
02-16-2016,1871.44,1895.77,1871.44,1895.58,8409
02-17-2016,1898.8,1930.68,1898.8,1926.82,8187
02-18-2016,1927.57,1930,1915.09,1917.83,7299
02-19-2016,1916.74,1918.78,1902.17,1917.78,8627
02-22-2016,1924.44,1946.7,1924.44,1945.5,6635
02-23-2016,1942.38,1942.38,1919.44,1921.27,6268
02-24-2016,1917.56,1932.08,1891,1929.8,6623
02-25-2016,1931.87,1951.83,1925.41,1951.7,5900
02-26-2016,1954.95,1962.96,1945.78,1948.05,6700
02-29-2016,1947.13,1958.27,1931.81,1932.23,8495
03-01-2016,1937.09,1978.35,1937.09,1978.35,7427
03-02-2016,1976.6,1986.51,1968.8,1986.45,6808
03-03-2016,1985.6,1993.69,1977.37,1993.4,6678
03-04-2016,1994.01,2009.13,1986.77,1999.99,7826
03-07-2016,1996.11,2006.12,1989.38,2001.76,6545
03-08-2016,1996.88,1996.88,1977.43,1979.26,6998
03-09-2016,1981.44,1992.69,1979.84,1989.26,6081
03-10-2016,1990.97,2005.08,1969.25,1989.57,6654
03-11-2016,1994.71,2022.37,1994.71,2022.19,6417
03-14-2016,2019.27,2024.57,2012.05,2019.64,5468
03-15-2016,2015.27,2015.94,2005.23,2015.93,5295
03-16-2016,2014.24,2032.02,2010.04,2027.22,6177
03-17-2016,2026.9,2046.24,2022.16,2040.59,6618
03-18-2016,2041.16,2052.36,2041.16,2049.58,17432
03-21-2016,2047.88,2053.91,2043.14,2051.6,5356
03-22-2016,2048.64,2056.6,2040.57,2049.8,5555
03-23-2016,2048.55,2048.55,2034.86,2036.71,5421
03-24-2016,2032.48,2036.04,2022.49,2035.94,6001
03-28-2016,2037.89,2042.67,2031.96,2037.05,4606
03-29-2016,2035.75,2055.91,2028.31,2055.01,5719
03-30-2016,2058.27,2072.21,2058.27,2063.95,5114
03-31-2016,2063.77,2067.92,2057.46,2059.74,6365
04-01-2016,2056.62,2075.07,2043.98,2072.78,6550
04-04-2016,2073.19,2074.02,2062.57,2066.13,5327
04-05-2016,2062.5,2062.5,2042.56,2045.17,6662
04-06-2016,2045.56,2067.33,2043.09,2066.66,5812
04-07-2016,2063.01,2063.01,2033.8,2041.91,6183
04-08-2016,2045.54,2060.63,2041.69,2047.6,5349
04-11-2016,2050.23,2062.93,2041.88,2041.99,5866
04-12-2016,2043.72,2065.05,2039.74,2061.72,5909
04-13-2016,2065.92,2083.18,2065.92,2082.42,6309
04-14-2016,2082.89,2087.84,2078.13,2082.78,5631
04-15-2016,2083.1,2083.22,2076.31,2080.73,6936
04-18-2016,2078.83,2094.66,2073.65,2094.34,5472
04-19-2016,2096.05,2104.05,2091.68,2100.8,5903
04-20-2016,2101.52,2111.05,2096.32,2102.4,6047
04-21-2016,2102.09,2103.78,2088.52,2091.48,6512
04-22-2016,2091.49,2094.32,2081.2,2091.58,7060
04-25-2016,2089.37,2089.37,2077.52,2087.79,5448
04-26-2016,2089.84,2096.87,2085.8,2091.7,5986
04-27-2016,2092.33,2099.89,2082.31,2095.15,6728
04-28-2016,2090.93,2099.3,2071.62,2075.81,6892
04-29-2016,2071.82,2073.85,2052.28,2065.3,8873
05-02-2016,2067.17,2083.42,2066.11,2081.43,6041
05-03-2016,2077.18,2077.18,2054.89,2063.37,6356
05-04-2016,2060.3,2060.3,2045.55,2051.12,6268
05-05-2016,2052.95,2060.23,2045.77,2050.63,5963
05-06-2016,2047.77,2057.72,2039.45,2057.14,5884
05-09-2016,2057.55,2064.15,2054.31,2058.69,5574
05-10-2016,2062.63,2084.87,2062.63,2084.39,5204
05-11-2016,2083.29,2083.29,2064.46,2064.46,5801
05-12-2016,2067.17,2073.99,2053.13,2064.11,5886
05-13-2016,2062.5,2066.79,2043.13,2046.61,5675
05-16-2016,2046.53,2071.88,2046.53,2066.66,5673
05-17-2016,2065.04,2065.69,2040.82,2047.21,6867
05-18-2016,2044.38,2060.61,2034.49,2047.63,5582
05-19-2016,2044.21,2044.21,2025.91,2040.04,5899
05-20-2016,2041.88,2058.35,2041.88,2052.32,6978
05-23-2016,2052.23,2055.58,2047.26,2048.04,5248
05-24-2016,2052.65,2079.67,2052.65,2076.06,5576
05-25-2016,2078.93,2094.73,2078.93,2090.54,5617
05-26-2016,2091.44,2094.3,2087.08,2090.1,4741
05-27-2016,2090.06,2099.06,2090.06,2099.06,5085
05-31-2016,2100.13,2103.48,2088.66,2096.96,9045
06-01-2016,2093.94,2100.97,2085.1,2099.33,5569
06-02-2016,2097.71,2105.26,2088.59,2105.26,6281
06-03-2016,2104.07,2104.07,2085.36,2099.13,5680
06-06-2016,2100.83,2113.36,2100.83,2109.41,5329
06-07-2016,2110.18,2119.22,2110.18,2112.13,5361
06-08-2016,2112.71,2120.55,2112.71,2119.12,4969
06-09-2016,2115.65,2117.64,2107.73,2115.48,4826
06-10-2016,2109.57,2109.57,2089.96,2096.07,5522
06-13-2016,2091.75,2098.12,2078.46,2079.06,5640
06-14-2016,2076.65,2081.3,2064.1,2075.32,5768
06-15-2016,2077.6,2085.65,2069.8,2071.5,5759
06-16-2016,2066.36,2079.62,2050.37,2077.99,5520
06-17-2016,2078.2,2078.2,2062.84,2071.22,13014
06-20-2016,2075.58,2100.66,2075.58,2083.25,5982
06-21-2016,2085.19,2093.66,2083.02,2088.9,5371
06-22-2016,2089.75,2099.71,2084.36,2085.45,5194
06-23-2016,2092.8,2113.32,2092.8,2113.32,5253
06-24-2016,2103.81,2103.81,2032.57,2037.41,14039
06-27-2016,2031.45,2031.45,1991.68,2000.54,8827
06-28-2016,2006.67,2036.09,2006.67,2036.09,7190
06-29-2016,2042.69,2073.13,2042.69,2070.77,6919
06-30-2016,2073.17,2098.94,2070,2098.86,8926
07-01-2016,2099.34,2108.71,2097.9,2102.95,5517
07-05-2016,2095.05,2095.05,2080.86,2088.55,6507
07-06-2016,2084.43,2100.72,2074.02,2099.73,6496
07-07-2016,2100.42,2109.08,2089.39,2097.9,5464
07-08-2016,2106.97,2131.71,2106.97,2129.9,5972
07-11-2016,2131.72,2143.16,2131.72,2137.16,5144
07-12-2016,2139.5,2155.4,2139.5,2152.14,5993
07-13-2016,2153.81,2156.45,2146.21,2152.43,5145
07-14-2016,2157.88,2168.99,2157.88,2163.75,5303
07-15-2016,2165.13,2169.05,2155.79,2161.74,6431
07-18-2016,2162.04,2168.35,2159.63,2166.89,4784
07-19-2016,2163.79,2164.63,2159.01,2163.78,5166
07-20-2016,2166.1,2175.63,2164.89,2173.02,5002
07-21-2016,2172.91,2174.56,2159.75,2165.17,5593
07-22-2016,2166.47,2175.11,2163.24,2175.03,5259
07-25-2016,2173.71,2173.71,2161.95,2168.48,5114
07-26-2016,2168.97,2173.54,2160.18,2169.18,5376
07-27-2016,2169.81,2174.98,2159.07,2166.58,6616
07-28-2016,2166.05,2172.85,2159.74,2170.06,5645
07-29-2016,2168.83,2177.09,2163.49,2173.6,7871
08-01-2016,2173.15,2178.29,2166.21,2170.84,5438
08-02-2016,2169.94,2170.2,2147.58,2157.03,6194
08-03-2016,2156.81,2163.79,2152.56,2163.79,5423
08-04-2016,2163.51,2168.19,2159.07,2164.25,4924
08-05-2016,2168.79,2182.87,2168.79,2182.87,5698
08-08-2016,2183.76,2185.44,2177.85,2180.89,4870
08-09-2016,2182.24,2187.66,2178.61,2181.74,4280
08-10-2016,2182.81,2183.41,2172,2175.49,4396
08-11-2016,2177.97,2188.45,2177.97,2185.79,4645
08-12-2016,2183.74,2186.28,2179.42,2184.05,4322
08-15-2016,2186.08,2193.81,2186.08,2190.15,4413
08-16-2016,2186.24,2186.24,2178.14,2178.15,4844
08-17-2016,2177.84,2183.08,2168.5,2182.22,4999
08-18-2016,2181.9,2187.03,2180.46,2187.02,5105
08-19-2016,2184.24,2185,2175.13,2183.87,5802
08-22-2016,2181.58,2185.15,2175.96,2182.64,4630
08-23-2016,2187.81,2193.42,2186.8,2186.9,4667
08-24-2016,2185.09,2186.66,2171.25,2175.44,4723
08-25-2016,2173.29,2179,2169.74,2172.47,4594
08-26-2016,2175.1,2187.94,2160.39,2169.04,4944
08-29-2016,2170.19,2183.48,2170.19,2180.38,4344
08-30-2016,2179.45,2182.27,2170.41,2176.12,4702
08-31-2016,2173.56,2173.79,2161.35,2170.95,6592
09-01-2016,2171.33,2173.56,2157.09,2170.86,5073
09-02-2016,2177.49,2184.87,2173.59,2179.98,4920
09-06-2016,2181.61,2186.57,2175.1,2186.48,5692
09-07-2016,2185.17,2187.87,2179.07,2186.16,5117
09-08-2016,2182.76,2184.94,2177.49,2181.3,5301
09-09-2016,2169.08,2169.08,2127.81,2127.81,7332
09-12-2016,2120.86,2163.3,2119.12,2159.04,6787
09-13-2016,2150.47,2150.47,2120.27,2127.02,6719
09-14-2016,2127.86,2141.33,2119.9,2125.77,6131
09-15-2016,2125.36,2151.31,2122.36,2147.26,5820
09-16-2016,2146.48,2146.48,2131.2,2139.16,14744
09-19-2016,2143.99,2153.61,2135.91,2139.12,5131
09-20-2016,2145.94,2150.8,2139.17,2139.76,4850
09-21-2016,2144.58,2165.11,2139.57,2163.12,5840
09-22-2016,2170.94,2179.99,2170.94,2177.18,5217
09-23-2016,2173.29,2173.75,2163.97,2164.69,5207
09-26-2016,2158.54,2158.54,2145.04,2146.1,5177
09-27-2016,2146.04,2161.13,2141.55,2159.93,5341
09-28-2016,2161.85,2172.4,2151.79,2171.37,5581
09-29-2016,2168.9,2172.67,2145.2,2151.13,6168
09-30-2016,2156.51,2175.3,2156.51,2168.27,8091
10-03-2016,2164.33,2164.41,2154.77,2161.2,5144
10-04-2016,2163.37,2165.46,2144.01,2150.49,5629
10-05-2016,2155.15,2163.95,2155.15,2159.73,5997
10-06-2016,2158.22,2162.93,2150.28,2160.77,5177
10-07-2016,2164.19,2165.86,2144.85,2153.74,6202
10-10-2016,2160.39,2169.6,2160.39,2163.66,4528
10-11-2016,2161.35,2161.56,2128.84,2136.73,5769
10-12-2016,2137.67,2145.36,2132.77,2139.18,4590
10-13-2016,2130.26,2138.19,2114.74,2132.55,5613
10-14-2016,2139.68,2149.19,2132.98,2132.98,5490
10-17-2016,2132.95,2135.61,2124.43,2126.5,4793
10-18-2016,2138.31,2144.38,2135.49,2139.6,4753
10-19-2016,2140.81,2148.44,2138.15,2144.29,5444
10-20-2016,2142.51,2147.18,2133.44,2141.34,5714
10-21-2016,2139.43,2142.63,2130.09,2141.16,6549
10-24-2016,2148.5,2154.79,2146.91,2151.33,5236
10-25-2016,2149.72,2151.44,2141.93,2143.16,5308
10-26-2016,2136.97,2145.73,2131.59,2139.43,5621
10-27-2016,2144.06,2147.13,2132.52,2133.04,6147
10-28-2016,2132.23,2140.72,2119.36,2126.41,6414
10-31-2016,2129.78,2133.25,2125.53,2126.15,6733
11-01-2016,2128.68,2131.45,2097.85,2111.72,7126
11-02-2016,2109.43,2111.76,2094,2097.94,6415
11-03-2016,2098.8,2102.56,2085.23,2088.66,5930
11-04-2016,2083.79,2099.07,2083.79,2085.18,6247
11-07-2016,2100.59,2132,2100.59,2131.52,6086
11-08-2016,2129.92,2146.87,2123.56,2139.56,5566
11-09-2016,2131.56,2170.1,2125.35,2163.26,9928
11-10-2016,2167.49,2182.3,2151.17,2167.48,9979
11-11-2016,2162.71,2165.92,2152.49,2164.45,7346
11-14-2016,2165.64,2171.36,2156.08,2164.2,7982
11-15-2016,2168.29,2180.84,2166.38,2180.39,6840
11-16-2016,2177.53,2179.22,2172.2,2176.94,5693
11-17-2016,2178.61,2188.06,2176.65,2187.12,5690
11-18-2016,2186.85,2189.89,2180.38,2181.9,6705
11-21-2016,2186.43,2198.7,2186.43,2198.18,5710
11-22-2016,2201.56,2204.8,2194.51,2202.94,5936
11-23-2016,2198.55,2204.72,2194.51,2204.72,5238
11-25-2016,2206.27,2213.35,2206.27,2213.35,2620
11-28-2016,2210.21,2211.14,2200.36,2201.72,5620
11-29-2016,2200.76,2210.46,2198.15,2204.66,5783
11-30-2016,2204.97,2214.1,2198.81,2198.81,10554
12-01-2016,2200.17,2202.6,2187.44,2191.08,7420
12-02-2016,2191.12,2197.95,2188.37,2191.95,5874
12-05-2016,2200.65,2209.42,2199.97,2204.71,23530
12-06-2016,2207.26,2212.78,2202.21,2212.23,21701
12-07-2016,2210.72,2241.63,2208.93,2241.35,27348
12-08-2016,2241.13,2251.69,2237.57,2246.19,24368
12-09-2016,2249.73,2259.8,2249.23,2259.53,22007
12-12-2016,2258.83,2264.03,2252.37,2256.96,23584
12-13-2016,2263.32,2277.53,2263.32,2271.72,23113
12-14-2016,2268.35,2276.2,2248.44,2253.28,26605
12-15-2016,2253.77,2272.12,2253.77,2262.03,24282
12-16-2016,2266.81,2268.05,2254.24,2258.07,37106
12-19-2016,2259.24,2267.47,2258.21,2262.53,18558
12-20-2016,2266.5,2272.56,2266.14,2270.76,17978
12-21-2016,2270.54,2271.23,2265.15,2265.18,15851
12-22-2016,2262.93,2263.18,2256.08,2260.96,17137
12-23-2016,2260.25,2263.79,2258.84,2263.79,10821
12-27-2016,2266.23,2273.82,2266.15,2268.88,10910
12-28-2016,2270.23,2271.31,2249.11,2249.92,13435
12-29-2016,2249.5,2254.51,2244.56,2249.26,12648
12-30-2016,2251.61,2253.58,2233.62,2238.83,15806
01-03-2017,2251.57,2263.88,2245.13,2257.83,23189
01-04-2017,2261.6,2272.82,2261.6,2270.75,20974
01-05-2017,2268.18,2271.5,2260.45,2269,21872
01-06-2017,2271.14,2282.1,2264.06,2276.98,19572
01-09-2017,2273.59,2275.49,2268.9,2268.9,19147
01-10-2017,2269.72,2279.27,2265.27,2268.9,21380
01-11-2017,2268.6,2275.32,2260.83,2275.32,21183
01-12-2017,2271.14,2271.78,2254.25,2270.44,19374
01-13-2017,2272.74,2278.68,2271.51,2274.64,17810
01-17-2017,2269.14,2272.08,2262.81,2267.89,22122
01-18-2017,2269.14,2272.01,2263.35,2271.89,19986
01-19-2017,2271.9,2274.33,2258.41,2263.69,20413
01-20-2017,2269.96,2276.96,2265.01,2271.31,23118
01-23-2017,2267.78,2271.78,2257.02,2265.2,19906
01-24-2017,2267.88,2284.63,2266.68,2280.07,22292
01-25-2017,2288.88,2299.55,2288.88,2298.37,24615
01-26-2017,2298.63,2300.99,2294.08,2296.68,23337
01-27-2017,2299.02,2299.02,2291.62,2294.69,19993
01-30-2017,2286.01,2286.01,2268.04,2280.9,21081
01-31-2017,2274.02,2279.09,2267.21,2278.87,25553
02-01-2017,2285.59,2289.14,2272.44,2279.55,24790
02-02-2017,2276.69,2283.97,2271.65,2280.85,23220
02-03-2017,2288.54,2298.31,2287.88,2297.42,22086
02-06-2017,2294.28,2296.18,2288.57,2292.56,19025
02-07-2017,2295.87,2299.4,2290.16,2293.08,20792
02-08-2017,2289.55,2295.91,2285.38,2294.67,21135
02-09-2017,2296.7,2311.08,2296.61,2307.87,21186
02-10-2017,2312.27,2319.23,2311.1,2316.1,20671
02-13-2017,2321.72,2331.58,2321.42,2328.25,19587
02-14-2017,2326.12,2337.58,2322.17,2337.58,21614
02-15-2017,2335.58,2351.3,2334.81,2349.25,22516
02-16-2017,2349.64,2351.31,2338.87,2347.22,20860
02-17-2017,2343.01,2351.16,2339.58,2351.16,21194
02-21-2017,2354.91,2366.71,2354.91,2365.38,21086
02-22-2017,2361.11,2365.13,2358.34,2362.82,19538
02-23-2017,2367.5,2368.26,2355.09,2363.81,22008
02-24-2017,2355.73,2367.34,2352.87,2367.34,21904
02-27-2017,2365.23,2371.54,2361.87,2369.75,18813
02-28-2017,2366.08,2367.79,2358.96,2363.64,25382
03-01-2017,2380.13,2400.98,2380.13,2395.96,25759
03-02-2017,2394.75,2394.75,2380.17,2381.92,21205
03-03-2017,2380.92,2383.89,2375.39,2383.12,18329
03-06-2017,2375.23,2378.8,2367.98,2375.31,18890
03-07-2017,2370.74,2375.12,2365.51,2368.39,19130
03-08-2017,2369.81,2373.09,2361.01,2362.98,20855
03-09-2017,2363.49,2369.08,2354.54,2364.87,20192
03-10-2017,2372.52,2376.86,2363.04,2372.6,20179
03-13-2017,2371.56,2374.42,2368.52,2373.47,18223
03-14-2017,2368.55,2368.55,2358.18,2365.45,16851
03-15-2017,2370.34,2390.01,2368.94,2385.26,21249
03-16-2017,2387.71,2388.1,2377.18,2381.38,18780
03-17-2017,2383.71,2385.71,2377.64,2378.25,33982
03-20-2017,2378.24,2379.55,2369.66,2373.47,18225
03-21-2017,2379.32,2381.93,2341.9,2344.02,26371
03-22-2017,2343,2351.81,2336.45,2348.45,21386
03-23-2017,2345.97,2358.92,2342.13,2345.96,19187
03-24-2017,2350.42,2356.22,2335.74,2343.98,19203
03-27-2017,2329.11,2344.9,2322.25,2341.59,19318
03-28-2017,2339.79,2363.78,2337.63,2358.57,19513
03-29-2017,2356.54,2363.36,2352.94,2361.13,17341
03-30-2017,2361.31,2370.42,2358.58,2368.06,18489
03-31-2017,2364.82,2370.35,2362.6,2362.72,19970
04-03-2017,2362.34,2365.87,2344.73,2358.84,21823
04-04-2017,2354.76,2360.53,2350.72,2360.16,18204
04-05-2017,2366.59,2378.36,2350.52,2352.95,21048
04-06-2017,2353.79,2364.16,2348.9,2357.49,19370
04-07-2017,2356.59,2363.76,2350.74,2355.54,17307
04-10-2017,2357.16,2366.37,2351.5,2357.16,16203
04-11-2017,2353.92,2355.22,2337.25,2353.78,18175
04-12-2017,2352.15,2352.72,2341.18,2344.93,18979
04-13-2017,2341.98,2348.26,2328.95,2328.95,17647
04-17-2017,2332.62,2349.14,2332.51,2349.01,16263
04-18-2017,2342.53,2348.35,2334.54,2342.19,19035
04-19-2017,2346.79,2352.63,2335.05,2338.17,19468
04-20-2017,2342.69,2361.37,2340.91,2355.84,20897
04-21-2017,2354.74,2356.18,2344.51,2348.69,20718
04-24-2017,2370.33,2376.98,2369.19,2374.15,22487
04-25-2017,2381.51,2392.48,2381.15,2388.61,23049
04-26-2017,2388.98,2398.16,2386.76,2387.45,22236
04-27-2017,2389.7,2392.1,2382.68,2388.77,22056
04-28-2017,2393.68,2393.68,2382.36,2384.2,22395
05-01-2017,2388.5,2394.49,2384.83,2388.33,18930
05-02-2017,2391.05,2392.93,2385.82,2391.17,23717
05-03-2017,2386.5,2389.82,2379.75,2388.13,22702
05-04-2017,2389.79,2391.43,2380.35,2389.52,22366
05-05-2017,2392.37,2399.29,2389.38,2399.29,18238
05-08-2017,2399.94,2401.36,2393.92,2399.38,18454
05-09-2017,2401.58,2403.87,2392.44,2396.92,18560
05-10-2017,2396.79,2399.74,2392.79,2399.63,19852
05-11-2017,2394.84,2395.72,2381.74,2394.44,20247
05-12-2017,2392.44,2392.44,2387.19,2390.9,17866
05-15-2017,2393.98,2404.05,2393.94,2402.32,18964
05-16-2017,2404.55,2405.77,2396.05,2400.67,20391
05-17-2017,2382.95,2384.87,2356.21,2357.03,27176
05-18-2017,2354.69,2375.74,2352.72,2365.72,23085
05-19-2017,2371.37,2389.06,2370.43,2381.73,22497
05-22-2017,2387.21,2395.46,2386.92,2394.02,18584
05-23-2017,2397.04,2400.85,2393.88,2398.42,17710
05-24-2017,2401.41,2405.58,2397.99,2404.39,17976
05-25-2017,2409.54,2418.71,2408.01,2415.07,20106
05-26-2017,2414.5,2416.68,2412.2,2415.82,15245
05-30-2017,2411.67,2415.26,2409.43,2412.91,17767
05-31-2017,2415.63,2415.99,2403.59,2411.8,26108
06-01-2017,2415.65,2430.06,2413.54,2430.06,21561
06-02-2017,2431.28,2440.23,2427.71,2439.07,20174
06-05-2017,2437.83,2439.55,2434.32,2436.1,17424
06-06-2017,2431.92,2436.21,2428.12,2429.33,19724
06-07-2017,2432.03,2435.28,2424.75,2433.14,20874
06-08-2017,2434.27,2439.27,2427.94,2433.79,22477
06-09-2017,2436.39,2446.2,2415.7,2431.77,26249
06-12-2017,2425.88,2430.38,2419.97,2429.39,27158
06-13-2017,2434.15,2441.49,2431.28,2440.35,20787
06-14-2017,2443.75,2443.75,2428.34,2437.92,20776
06-15-2017,2424.14,2433.95,2418.53,2432.46,20564
06-16-2017,2431.24,2433.15,2422.88,2433.15,34749
06-19-2017,2442.55,2453.82,2441.79,2453.46,18816
06-20-2017,2450.66,2450.66,2436.6,2437.03,19813
06-21-2017,2439.31,2442.23,2430.74,2435.61,21950
06-22-2017,2437.4,2441.62,2433.27,2434.5,19750
06-23-2017,2434.65,2441.4,2431.11,2438.3,29543
06-26-2017,2443.32,2450.42,2437.03,2439.07,18074
06-27-2017,2436.34,2440.15,2419.38,2419.38,20295
06-28-2017,2428.7,2442.97,2428.02,2440.69,19788
06-29-2017,2442.38,2442.73,2405.7,2419.7,24372
06-30-2017,2429.2,2432.71,2421.65,2423.41,20685
07-03-2017,2431.39,2439.17,2428.69,2429.01,11966
07-05-2017,2430.78,2434.9,2422.05,2432.54,20018
07-06-2017,2423.44,2424.28,2407.7,2409.75,20213
07-07-2017,2413.52,2426.92,2413.52,2425.18,16682
07-10-2017,2424.51,2432,2422.27,2427.43,17680
07-11-2017,2427.35,2429.3,2412.79,2425.53,17325
07-12-2017,2435.75,2445.76,2435.75,2443.25,18564
07-13-2017,2444.99,2449.32,2441.69,2447.83,18456
07-14-2017,2449.16,2463.54,2446.69,2459.27,16676
07-17-2017,2459.5,2462.82,2457.16,2459.14,16559
07-18-2017,2455.88,2460.92,2450.34,2460.61,17510
07-19-2017,2463.85,2473.83,2463.85,2473.83,18497
07-20-2017,2475.56,2477.62,2468.43,2473.45,19938
07-21-2017,2467.4,2472.54,2465.06,2472.54,19465
07-24-2017,2472.04,2473.1,2466.32,2469.91,19440
07-25-2017,2477.88,2481.24,2474.91,2477.13,23739
07-26-2017,2479.97,2481.69,2474.94,2477.83,22618
07-27-2017,2482.76,2484.04,2459.93,2475.42,26772
07-28-2017,2469.12,2473.53,2464.66,2472.1,20434
07-31-2017,2475.94,2477.96,2468.53,2470.3,21896
08-01-2017,2477.1,2478.51,2471.14,2476.35,20763
08-02-2017,2480.38,2480.38,2466.48,2477.57,21255
08-03-2017,2476.03,2476.03,2468.85,2472.16,20395
08-04-2017,2476.88,2480,2472.08,2476.83,18691
08-07-2017,2477.14,2480.95,2475.88,2480.91,16396
08-08-2017,2478.35,2490.87,2470.32,2474.92,18263
08-09-2017,2465.35,2474.41,2462.08,2474.02,18211
08-10-2017,2465.38,2465.38,2437.75,2438.21,20793
08-11-2017,2441.04,2448.09,2437.85,2441.32,16593
08-14-2017,2454.96,2468.22,2454.96,2465.84,15862
08-15-2017,2468.66,2468.9,2461.61,2464.61,16896
08-16-2017,2468.63,2474.93,2463.86,2468.11,16861
08-17-2017,2462.95,2465.02,2430.01,2430.01,19294
08-18-2017,2427.64,2440.27,2420.69,2425.55,19621
08-21-2017,2425.5,2430.58,2417.35,2428.37,16358
08-22-2017,2433.75,2454.77,2433.67,2452.51,15887
08-23-2017,2444.88,2448.91,2441.42,2444.04,15835
08-24-2017,2447.91,2450.39,2436.19,2438.97,16790
08-25-2017,2444.72,2453.96,2442.22,2443.05,15009
08-28-2017,2447.35,2449.12,2439.03,2444.24,14665
08-29-2017,2431.94,2449.19,2428.2,2446.3,15038
08-30-2017,2446.06,2460.31,2443.77,2457.59,15522
08-31-2017,2462.65,2475.01,2462.65,2471.65,20769
09-01-2017,2474.42,2480.38,2473.85,2476.55,15815
09-05-2017,2470.35,2471.97,2446.55,2457.85,21144
09-06-2017,2463.83,2469.64,2459.2,2465.54,20498
09-07-2017,2468.06,2468.62,2460.29,2465.1,20971
09-08-2017,2462.25,2467.11,2459.4,2461.43,20039
09-11-2017,2474.52,2488.95,2474.52,2488.11,19331
09-12-2017,2491.94,2496.77,2490.37,2496.48,19374
09-13-2017,2493.89,2498.37,2492.14,2498.37,18973
09-14-2017,2494.56,2498.43,2491.35,2495.62,19168
09-15-2017,2495.67,2500.23,2493.16,2500.23,30389
09-18-2017,2502.51,2508.32,2499.92,2503.87,19227
09-19-2017,2506.29,2507.84,2503.19,2506.65,19201
09-20-2017,2506.84,2508.85,2496.67,2508.24,20664
09-21-2017,2507.16,2507.16,2499,2500.6,18119
09-22-2017,2497.26,2503.47,2496.54,2502.22,16723
09-25-2017,2499.39,2502.54,2488.03,2496.66,20339
09-26-2017,2501.04,2503.51,2495.12,2496.84,18220
09-27-2017,2503.3,2511.75,2495.91,2507.04,20353
09-28-2017,2503.41,2510.81,2502.93,2510.06,17822
09-29-2017,2509.96,2519.44,2507.99,2519.36,18099
10-02-2017,2521.2,2529.23,2520.4,2529.12,18564
10-03-2017,2530.34,2535.13,2528.85,2534.58,17375
10-04-2017,2533.48,2540.53,2531.8,2537.74,16991
10-05-2017,2540.86,2552.51,2540.02,2552.07,17294
10-06-2017,2547.44,2549.41,2543.79,2549.33,16423
10-09-2017,2551.39,2551.82,2541.6,2544.73,15056
10-10-2017,2549.99,2555.23,2544.86,2550.64,17281
10-11-2017,2550.62,2555.24,2547.95,2555.24,18172
10-12-2017,2552.88,2555.33,2548.31,2550.93,20568
10-13-2017,2555.66,2557.65,2552.09,2553.17,18939
10-16-2017,2555.57,2559.47,2552.64,2557.64,17364
10-17-2017,2557.17,2559.71,2554.69,2559.36,17832
10-18-2017,2562.87,2564.11,2559.67,2561.26,17933
10-19-2017,2553.39,2562.36,2547.92,2562.1,18960
10-20-2017,2567.56,2575.44,2567.56,2575.21,21511
10-23-2017,2578.08,2578.29,2564.33,2564.98,20437
10-24-2017,2568.66,2572.18,2565.58,2569.13,21634
10-25-2017,2566.52,2567.4,2544,2557.15,24679
10-26-2017,2560.08,2567.07,2559.8,2560.4,23008
10-27-2017,2570.26,2582.98,2565.94,2581.07,26205
10-30-2017,2577.75,2580.03,2568.25,2572.83,22749
10-31-2017,2575.99,2578.29,2572.15,2575.26,23014
11-01-2017,2583.21,2588.4,2574.92,2579.36,22109
11-02-2017,2579.46,2581.11,2566.17,2579.85,24167
11-03-2017,2581.93,2588.42,2576.77,2587.84,20526
11-06-2017,2587.47,2593.38,2585.66,2591.13,21164
11-07-2017,2592.11,2597.02,2584.35,2590.64,20897
11-08-2017,2588.71,2595.47,2585.02,2594.38,20923
11-09-2017,2584,2586.5,2566.33,2584.62,22335
11-10-2017,2580.18,2583.81,2575.57,2582.3,20452
11-13-2017,2576.53,2587.66,2574.48,2584.84,20991
11-14-2017,2577.75,2579.66,2566.56,2578.87,22075
11-15-2017,2569.45,2572.84,2557.45,2564.62,20908
11-16-2017,2572.95,2590.09,2572.95,2585.64,20467
11-17-2017,2582.94,2583.96,2577.62,2578.85,20883
11-20-2017,2579.49,2584.64,2578.24,2582.14,17862
11-21-2017,2589.17,2601.19,2589.17,2599.03,19210
11-22-2017,2600.31,2600.94,2595.23,2597.08,15961
11-24-2017,2600.42,2604.21,2600.42,2602.42,7283
11-27-2017,2602.66,2606.41,2598.87,2601.42,17288
11-28-2017,2605.94,2627.69,2605.44,2627.04,20688
11-29-2017,2627.82,2634.89,2620.32,2626.07,26710
11-30-2017,2633.93,2657.74,2633.93,2647.58,31221
12-01-2017,2645.1,2650.62,2605.52,2642.22,24976
12-04-2017,2657.19,2665.19,2639.03,2639.44,27960
12-05-2017,2639.78,2648.72,2627.73,2629.57,22745
12-06-2017,2626.24,2634.41,2624.75,2629.27,19261
12-07-2017,2628.38,2640.99,2626.53,2636.98,19775
12-08-2017,2646.21,2651.65,2644.1,2651.5,18435
12-11-2017,2652.19,2660.33,2651.47,2659.99,18112
12-12-2017,2661.73,2669.72,2659.78,2664.11,20216
12-13-2017,2667.59,2671.88,2662.85,2662.85,20018
12-14-2017,2665.87,2668.09,2652.01,2652.01,19974
12-15-2017,2660.63,2679.63,2659.14,2675.81,37457
12-18-2017,2685.92,2694.97,2685.92,2690.16,21735
12-19-2017,2692.71,2694.44,2680.74,2681.47,19517
12-20-2017,2688.18,2691.01,2676.11,2679.25,19656
12-21-2017,2683.02,2692.64,2682.4,2684.57,19484
12-22-2017,2684.22,2685.35,2678.13,2683.34,14269
12-26-2017,2679.09,2682.74,2677.96,2680.5,11003
12-27-2017,2682.1,2685.64,2678.91,2682.62,11871
12-28-2017,2686.1,2687.66,2682.69,2687.54,11312
12-29-2017,2689.15,2692.12,2673.61,2673.61,13545
01-02-2018,2683.73,2695.89,2682.36,2695.81,18927
01-03-2018,2697.85,2714.37,2697.77,2713.06,22474
01-04-2018,2719.31,2729.29,2719.07,2723.99,22097
01-05-2018,2731.33,2743.45,2727.92,2743.15,19989
01-08-2018,2742.67,2748.51,2737.6,2747.71,19655
01-09-2018,2751.15,2759.14,2747.86,2751.29,20228
01-10-2018,2745.55,2750.8,2736.06,2748.23,20912
01-11-2018,2752.97,2767.56,2752.78,2767.56,19760
01-12-2018,2770.18,2787.85,2769.64,2786.24,21294
01-16-2018,2798.96,2807.54,2768.64,2776.42,26003
01-17-2018,2784.99,2807.04,2778.38,2802.56,24191
01-18-2018,2802.4,2805.83,2792.56,2798.03,23074
01-19-2018,2802.6,2810.33,2798.08,2810.3,24401
01-22-2018,2809.16,2833.03,2808.12,2832.97,21625
01-23-2018,2835.05,2842.24,2830.59,2839.13,21680
01-24-2018,2845.42,2852.97,2824.81,2837.54,24476
01-25-2018,2846.24,2848.56,2830.94,2839.25,23173
01-26-2018,2847.48,2872.87,2846.18,2872.87,22159
01-29-2018,2867.23,2870.62,2851.48,2853.53,21757
01-30-2018,2832.74,2837.75,2818.27,2822.43,24056
01-31-2018,2832.41,2839.26,2813.04,2823.81,28237
02-01-2018,2816.45,2835.96,2812.7,2821.98,24662
02-02-2018,2808.92,2808.92,2759.97,2762.13,27216
02-05-2018,2741.06,2763.39,2638.17,2648.94,35441
02-06-2018,2614.78,2701.04,2593.07,2695.14,40241
02-07-2018,2690.95,2727.67,2681.33,2681.66,28383
02-08-2018,2685.01,2685.27,2580.56,2581,32495
02-09-2018,2601.78,2638.67,2532.69,2619.55,37313
02-12-2018,2636.75,2672.61,2622.45,2656,26796
02-13-2018,2646.27,2668.84,2637.08,2662.94,20932
02-14-2018,2651.21,2702.1,2648.87,2698.63,24201
02-15-2018,2713.46,2731.51,2689.82,2731.2,22961
02-16-2018,2727.14,2754.42,2725.11,2732.22,22149
02-20-2018,2722.99,2737.6,2706.76,2716.26,21359
02-21-2018,2720.53,2747.75,2701.29,2701.33,22216
02-22-2018,2710.42,2731.26,2697.77,2703.96,20996
02-23-2018,2715.8,2747.76,2713.74,2747.3,18690
02-26-2018,2757.37,2780.64,2753.78,2779.6,21124
02-27-2018,2780.45,2789.15,2744.22,2744.28,23571
02-28-2018,2753.78,2761.52,2713.54,2713.83,26063
03-01-2018,2715.22,2730.89,2659.65,2677.67,27908
03-02-2018,2658.89,2696.25,2647.32,2691.25,24459
03-05-2018,2681.06,2728.09,2675.75,2720.94,23419
03-06-2018,2730.18,2732.08,2711.26,2728.12,20806
03-07-2018,2710.18,2730.6,2701.74,2726.8,22050
03-08-2018,2732.75,2740.45,2722.65,2738.97,20474
03-09-2018,2752.91,2786.57,2751.54,2786.57,21957
03-12-2018,2790.54,2796.98,2779.26,2783.02,21580
03-13-2018,2792.31,2801.9,2758.68,2765.31,23539
03-14-2018,2774.06,2777.11,2744.38,2749.48,21800
03-15-2018,2754.27,2763.03,2741.47,2747.33,19987
03-16-2018,2750.57,2761.85,2749.97,2752.01,34592
03-19-2018,2741.38,2741.38,2694.59,2712.92,21914
03-20-2018,2715.05,2724.22,2710.05,2716.94,20882
03-21-2018,2714.99,2739.14,2709.79,2711.93,20749
03-22-2018,2691.36,2695.68,2641.59,2643.69,24929
03-23-2018,2646.71,2657.67,2585.89,2588.26,25582
03-26-2018,2619.35,2661.36,2601.81,2658.55,24345
03-27-2018,2667.57,2674.78,2596.12,2612.62,25013
03-28-2018,2611.3,2632.65,2593.06,2605,25742
03-29-2018,2614.41,2659.07,2609.72,2640.87,23480
04-02-2018,2633.45,2638.3,2553.8,2581.88,24690
04-03-2018,2592.17,2619.14,2575.49,2614.45,21696
04-04-2018,2584.04,2649.86,2573.61,2644.69,22207
04-05-2018,2657.36,2672.08,2649.58,2662.84,20080
04-06-2018,2645.82,2656.88,2586.27,2604.47,21871
04-09-2018,2617.18,2653.55,2610.79,2613.16,19231
04-10-2018,2638.41,2665.45,2635.78,2656.87,21326
04-11-2018,2643.89,2661.43,2639.25,2642.19,17885
04-12-2018,2653.83,2674.72,2653.83,2663.99,19230
04-13-2018,2676.9,2680.26,2645.05,2656.3,18233
04-16-2018,2670.1,2686.49,2665.16,2677.84,18669
04-17-2018,2692.74,2713.34,2692.05,2706.39,19256
04-18-2018,2710.11,2717.49,2703.63,2708.64,19656
04-19-2018,2701.16,2702.84,2681.9,2693.13,21686
04-20-2018,2692.56,2693.94,2660.61,2670.14,23085
04-23-2018,2675.4,2682.86,2657.99,2670.29,18581
04-24-2018,2680.8,2683.55,2617.32,2634.56,24140
04-25-2018,2634.92,2645.3,2612.67,2639.4,22036
04-26-2018,2651.65,2676.48,2647.16,2666.94,25433
04-27-2018,2675.47,2677.35,2659.01,2669.91,21046
04-30-2018,2675.05,2682.92,2648.04,2648.05,23357
05-01-2018,2643.64,2655.27,2625.41,2654.8,21854
05-02-2018,2654.24,2660.87,2631.7,2635.67,23036
05-03-2018,2628.08,2637.14,2594.62,2629.73,23957
05-04-2018,2621.45,2670.93,2615.32,2663.42,19150
05-07-2018,2669.36,2683.35,2664.7,2672.63,19112
05-08-2018,2670.26,2676.34,2655.2,2671.92,21066
05-09-2018,2678.12,2701.27,2674.14,2697.79,20831
05-10-2018,2705.02,2726.11,2704.54,2723.07,18354
05-11-2018,2722.7,2732.86,2717.45,2727.72,17960
05-14-2018,2733.37,2742.1,2725.47,2730.13,18204
05-15-2018,2718.59,2718.59,2701.91,2711.45,19641
05-16-2018,2712.62,2727.76,2712.17,2722.46,18443
05-17-2018,2719.71,2731.96,2711.36,2720.13,18636
05-18-2018,2717.35,2719.5,2709.18,2712.97,19569
05-21-2018,2725.95,2739.19,2725.7,2733.01,17899
05-22-2018,2738.34,2742.24,2721.88,2724.44,19078
05-23-2018,2713.98,2733.33,2709.54,2733.29,20302
05-24-2018,2730.94,2731.97,2707.38,2727.76,19651
05-25-2018,2723.6,2727.36,2714.99,2721.33,16831
05-29-2018,2705.11,2710.67,2676.81,2689.86,22510
05-30-2018,2702.43,2729.34,2702.43,2724.01,20321
05-31-2018,2720.98,2722.5,2700.68,2705.27,27470
06-01-2018,2718.7,2736.93,2718.7,2734.62,19951
06-04-2018,2741.67,2749.16,2740.54,2746.87,19742
06-05-2018,2748.46,2752.61,2739.51,2748.8,19823
06-06-2018,2753.25,2772.39,2748.46,2772.35,21303
06-07-2018,2774.84,2779.9,2760.16,2770.37,21391
06-08-2018,2765.84,2779.39,2763.59,2779.03,18134
06-11-2018,2780.18,2790.21,2780.17,2782,19171
06-12-2018,2785.6,2789.8,2778.78,2786.85,19899
06-13-2018,2787.94,2791.47,2774.65,2775.63,24229
06-14-2018,2783.21,2789.06,2776.52,2782.49,22710
06-15-2018,2777.78,2782.81,2761.73,2779.66,35012
06-18-2018,2765.79,2774.99,2757.12,2773.75,20299
06-19-2018,2752.01,2765.05,2743.19,2762.59,22142
06-20-2018,2769.73,2774.86,2763.91,2767.32,21842
06-21-2018,2769.28,2769.28,2744.39,2749.76,21494
06-22-2018,2760.79,2764.17,2752.68,2754.88,28872
06-25-2018,2742.94,2742.94,2698.67,2717.07,24044
06-26-2018,2722.12,2732.91,2715.6,2723.06,22090
06-27-2018,2728.45,2746.09,2699.38,2699.63,22773
06-28-2018,2698.69,2724.34,2691.99,2716.31,21237
06-29-2018,2727.13,2743.26,2718.03,2718.37,22476
07-02-2018,2704.95,2727.26,2698.95,2726.71,17750
07-03-2018,2733.27,2736.58,2711.16,2713.22,11487
07-05-2018,2724.19,2737.83,2716.02,2736.61,17097
07-06-2018,2737.68,2764.41,2733.52,2759.82,15706
07-09-2018,2768.51,2784.65,2768.51,2784.17,18592
07-10-2018,2788.56,2795.58,2786.24,2793.84,17434
07-11-2018,2779.82,2785.91,2770.77,2774.02,18060
07-12-2018,2783.14,2799.22,2781.53,2798.29,18629
07-13-2018,2796.93,2804.53,2791.69,2801.31,17580
07-16-2018,2801.43,2803.71,2793.39,2798.43,17916
07-17-2018,2789.34,2814.19,2789.24,2809.55,18487
07-18-2018,2811.35,2816.76,2805.89,2815.62,19463
07-19-2018,2809.37,2812.05,2799.77,2804.49,21103
07-20-2018,2804.55,2809.7,2800.01,2801.83,20829
07-23-2018,2799.17,2808.61,2795.14,2806.98,18640
07-24-2018,2820.68,2829.99,2811.12,2820.4,21840
07-25-2018,2817.73,2848.03,2817.73,2846.07,22881
07-26-2018,2835.49,2845.57,2835.26,2837.44,25782
07-27-2018,2842.35,2843.17,2808.34,2818.82,23437
07-30-2018,2819,2821.74,2798.11,2802.6,22400
07-31-2018,2809.73,2824.46,2808.06,2816.29,24498
08-01-2018,2821.17,2825.83,2805.85,2813.36,22006
08-02-2018,2800.48,2829.91,2796.34,2827.22,20404
08-03-2018,2829.62,2840.38,2827.37,2840.35,18299
08-06-2018,2840.29,2853.29,2835.98,2850.4,17554
08-07-2018,2855.92,2863.43,2855.92,2858.45,17926
08-08-2018,2856.79,2862.44,2853.09,2857.7,16247
08-09-2018,2857.19,2862.48,2851.98,2853.58,16708
08-10-2018,2839.64,2842.2,2825.81,2833.28,18178
08-13-2018,2835.46,2843.4,2819.88,2821.93,18521
08-14-2018,2827.88,2843.11,2826.58,2839.96,17333
08-15-2018,2827.95,2827.95,2802.49,2818.37,21702
08-16-2018,2831.44,2850.49,2831.44,2840.69,19901
08-17-2018,2838.32,2855.63,2833.73,2850.13,18972
08-20-2018,2853.93,2859.76,2850.62,2857.05,16736
08-21-2018,2861.51,2873.23,2861.32,2862.96,18971
08-22-2018,2860.99,2867.54,2856.05,2861.82,15837
08-23-2018,2860.29,2868.78,2854.03,2856.98,16539
08-24-2018,2862.35,2876.16,2862.35,2874.69,16755
08-27-2018,2884.69,2898.25,2884.69,2896.74,20559
08-28-2018,2901.45,2903.77,2893.5,2897.52,17883
08-29-2018,2900.62,2916.5,2898.4,2914.04,17615
08-30-2018,2908.94,2912.46,2895.22,2901.13,17260
08-31-2018,2898.37,2906.32,2891.73,2901.52,18061
09-04-2018,2896.96,2900.18,2885.13,2896.72,19527
09-05-2018,2891.59,2894.21,2876.92,2888.6,22777
09-06-2018,2888.64,2892.05,2867.29,2878.05,20252
09-07-2018,2868.26,2883.81,2864.12,2871.68,19422
09-10-2018,2881.39,2886.93,2875.94,2877.13,17626
09-11-2018,2871.57,2892.52,2866.78,2887.89,18808
09-12-2018,2888.29,2894.65,2879.2,2888.92,20636
09-13-2018,2896.85,2906.76,2896.39,2904.18,21674
09-14-2018,2906.38,2908.3,2895.77,2904.98,18965
09-17-2018,2903.83,2904.65,2886.16,2888.8,18556
09-18-2018,2890.74,2911.17,2890.43,2904.31,19477
09-19-2018,2906.6,2912.36,2903.82,2907.95,19423
09-20-2018,2919.73,2934.8,2919.73,2930.75,21023
09-21-2018,2936.76,2940.91,2927.11,2929.67,39008
09-24-2018,2921.83,2923.79,2912.63,2919.37,21055
09-25-2018,2921.75,2923.95,2913.7,2915.56,20347
09-26-2018,2916.98,2931.15,2903.28,2905.97,20532
09-27-2018,2911.65,2927.22,2909.27,2914,18031
09-28-2018,2910.03,2920.53,2907.5,2913.98,21939
10-01-2018,2926.29,2937.06,2917.91,2924.59,21488
10-02-2018,2923.8,2931.42,2919.37,2923.43,20600
10-03-2018,2931.69,2939.86,2921.36,2925.51,21016
10-04-2018,2919.35,2919.78,2883.92,2901.61,21059
10-05-2018,2902.54,2909.64,2869.29,2885.57,20915
10-08-2018,2877.53,2889.45,2862.08,2884.43,20131
10-09-2018,2882.51,2894.83,2874.27,2880.34,21366
10-10-2018,2873.9,2874.02,2784.86,2785.68,28950
10-11-2018,2776.87,2795.14,2710.51,2728.37,33095
10-12-2018,2770.54,2775.77,2729.44,2767.13,26653
10-15-2018,2763.83,2775.99,2749.03,2750.79,20232
10-16-2018,2767.05,2813.46,2766.91,2809.92,21373
10-17-2018,2811.67,2816.94,2781.81,2809.21,21204
10-18-2018,2802,2806.04,2755.18,2768.78,23307
10-19-2018,2775.66,2797.77,2760.27,2767.78,24675
10-22-2018,2773.94,2778.94,2749.22,2755.88,22191
10-23-2018,2721.03,2753.59,2691.43,2740.69,28106
10-24-2018,2737.87,2742.59,2651.89,2656.1,31405
10-25-2018,2674.88,2722.7,2667.84,2705.57,30621
10-26-2018,2667.86,2692.38,2628.16,2658.69,32964
10-29-2018,2682.65,2706.85,2603.54,2641.25,29657
10-30-2018,2640.68,2685.43,2635.34,2682.63,33372
10-31-2018,2705.6,2736.69,2705.6,2711.74,32543
11-01-2018,2717.58,2741.67,2708.85,2740.37,27910
11-02-2018,2745.45,2756.55,2700.44,2723.06,28484
11-05-2018,2726.37,2744.27,2717.94,2738.31,21947
11-06-2018,2738.4,2756.82,2737.08,2755.45,21029
11-07-2018,2774.13,2815.15,2774.13,2813.89,24491
11-08-2018,2806.38,2814.75,2794.99,2806.83,22641
11-09-2018,2794.1,2794.1,2764.24,2781.01,25076
11-12-2018,2773.93,2775.99,2722,2726.22,24394
11-13-2018,2730.05,2754.6,2714.98,2722.18,23554
11-14-2018,2737.9,2746.8,2685.75,2701.58,26696
11-15-2018,2693.52,2735.38,2670.75,2730.2,27235
11-16-2018,2718.54,2746.75,2712.16,2736.27,26940
11-19-2018,2730.74,2733.16,2681.09,2690.73,25285
11-20-2018,2654.6,2669.44,2631.52,2641.89,28878
11-21-2018,2657.74,2670.73,2649.82,2649.93,20526
11-23-2018,2633.36,2647.55,2631.09,2632.56,9966
11-26-2018,2649.97,2674.35,2649.97,2673.45,22238
11-27-2018,2663.75,2682.53,2655.89,2682.17,21648
11-28-2018,2691.45,2744,2684.38,2743.79,24642
11-29-2018,2736.97,2753.75,2722.94,2737.76,21028
11-30-2018,2737.76,2760.88,2732.76,2760.17,30617
12-03-2018,2790.5,2800.18,2773.38,2790.37,27524
12-04-2018,2782.43,2785.93,2697.18,2700.06,29909
12-06-2018,2663.51,2696.15,2621.53,2695.95,32206
12-07-2018,2691.26,2708.54,2623.14,2633.08,26080
12-10-2018,2630.86,2647.51,2583.23,2637.72,25217
12-11-2018,2664.44,2674.35,2621.3,2636.78,23546
12-12-2018,2658.23,2685.44,2650.26,2651.07,24731
12-13-2018,2658.7,2670.19,2637.27,2650.54,23644
12-14-2018,2629.68,2635.07,2593.84,2599.95,25363
12-17-2018,2590.75,2601.13,2530.54,2545.94,28794
12-18-2018,2559.9,2573.99,2528.71,2546.16,27484
12-19-2018,2547.05,2585.29,2488.96,2506.96,33833
12-20-2018,2496.77,2509.63,2441.18,2467.42,36227
12-21-2018,2465.38,2504.41,2408.55,2416.62,49469
12-24-2018,2400.56,2410.34,2351.1,2351.1,17244
12-26-2018,2363.12,2467.76,2346.58,2467.7,27316
12-27-2018,2442.5,2489.1,2397.94,2488.83,25521
12-28-2018,2498.77,2520.27,2472.89,2485.74,22098
12-31-2018,2498.94,2509.24,2482.82,2506.85,19981
01-02-2019,2476.96,2519.49,2467.47,2510.03,22338
01-03-2019,2491.92,2493.14,2443.96,2447.89,27548
01-04-2019,2474.33,2538.07,2474.33,2531.94,26617
01-07-2019,2535.61,2566.16,2524.56,2549.69,25266
01-08-2019,2568.11,2579.82,2547.56,2574.41,24583
01-09-2019,2580,2595.32,2568.89,2584.96,24635
01-10-2019,2573.51,2597.82,2562.02,2596.64,23305
01-11-2019,2588.11,2596.27,2577.4,2596.26,20635
01-14-2019,2580.31,2589.32,2570.41,2582.61,22429
01-15-2019,2585.1,2613.08,2585.1,2610.3,22996
01-16-2019,2614.75,2625.76,2612.68,2616.1,24173
01-17-2019,2609.28,2645.06,2606.36,2635.96,24507
01-18-2019,2651.27,2675.47,2647.58,2670.71,26178
01-22-2019,2657.88,2657.88,2617.27,2632.9,25905
01-23-2019,2643.48,2653.19,2612.86,2638.7,22391
01-24-2019,2638.84,2647.2,2627.01,2642.33,24347
01-25-2019,2657.44,2672.38,2657.33,2664.76,24997
01-28-2019,2644.97,2644.97,2624.06,2643.85,23144
01-29-2019,2644.89,2650.93,2631.05,2640,21490
01-30-2019,2653.62,2690.44,2648.34,2681.05,25447
01-31-2019,2685.49,2708.95,2678.65,2704.1,33838
02-01-2019,2702.32,2716.66,2696.88,2706.53,24315
02-04-2019,2706.49,2724.99,2698.75,2724.87,20706
02-05-2019,2728.34,2738.98,2724.03,2737.7,21757
02-06-2019,2735.05,2738.08,2724.15,2731.61,20563
02-07-2019,2717.53,2719.32,2687.26,2706.05,24494
02-08-2019,2692.36,2708.07,2681.83,2707.88,22193
02-11-2019,2712.4,2718.05,2703.79,2709.8,19778
02-12-2019,2722.61,2748.19,2722.61,2744.73,22903
02-13-2019,2750.3,2761.85,2748.63,2753.03,21420
02-14-2019,2743.5,2757.9,2731.23,2745.73,21412
02-15-2019,2760.24,2775.66,2760.24,2775.6,23852
02-19-2019,2769.28,2787.33,2767.29,2779.76,19844
02-20-2019,2779.05,2789.88,2774.06,2784.7,21392
02-21-2019,2780.24,2781.58,2764.55,2774.88,19795
02-22-2019,2780.67,2794.2,2779.11,2792.67,20878
02-25-2019,2804.35,2813.49,2794.99,2796.11,23036
02-26-2019,2792.36,2803.12,2789.47,2793.9,20333
02-27-2019,2787.5,2795.76,2775.13,2792.38,20539
02-28-2019,2788.11,2793.73,2782.51,2784.49,24929
03-01-2019,2798.22,2808.02,2787.38,2803.69,22504
03-04-2019,2814.37,2816.88,2767.66,2792.81,22459
03-05-2019,2794.41,2796.44,2782.97,2789.65,21184
03-06-2019,2790.27,2790.27,2768.69,2771.45,21115
03-07-2019,2766.53,2767.25,2739.09,2748.93,22810
03-08-2019,2730.79,2744.13,2722.27,2743.07,19715
03-11-2019,2747.61,2784,2747.61,2783.3,20547
03-12-2019,2787.34,2798.32,2786.73,2791.52,19955
03-13-2019,2799.78,2821.24,2799.78,2810.92,21625
03-14-2019,2810.38,2815,2803.46,2808.48,20530
03-15-2019,2810.79,2830.73,2810.79,2822.48,37349
03-18-2019,2822.61,2835.41,2821.99,2832.94,20314
03-19-2019,2840.76,2852.42,2823.27,2832.57,22435
03-20-2019,2831.34,2843.54,2812.43,2824.23,22893
03-21-2019,2819.72,2860.31,2817.38,2854.88,23232
03-22-2019,2844.52,2846.16,2800.47,2800.71,24854
03-25-2019,2796.01,2809.79,2785.02,2798.36,19314
03-26-2019,2812.66,2829.87,2803.99,2818.46,19176
03-27-2019,2819.72,2825.56,2787.72,2805.37,19182
03-28-2019,2809.4,2819.71,2798.77,2815.44,17748
03-29-2019,2828.27,2836.03,2819.23,2834.4,21844
04-01-2019,2848.63,2869.4,2848.63,2867.19,20659
04-02-2019,2868.24,2872.9,2858.75,2867.24,18749
04-03-2019,2876.09,2885.25,2865.17,2873.4,22161
04-04-2019,2873.99,2881.28,2867.14,2879.39,17409
04-05-2019,2884.16,2893.24,2882.99,2892.74,17473
04-08-2019,2888.46,2895.95,2880.78,2895.77,17443
04-09-2019,2886.58,2886.88,2873.33,2878.2,17125
04-10-2019,2881.37,2889.71,2879.13,2888.21,15958
04-11-2019,2891.92,2893.42,2881.99,2888.32,16256
04-12-2019,2900.86,2910.54,2898.37,2907.41,21751
04-15-2019,2908.32,2909.6,2896.48,2905.58,17199
04-16-2019,2912.26,2916.06,2900.71,2907.06,20592
04-17-2019,2916.04,2918,2895.45,2900.45,23101
04-18-2019,2904.81,2908.4,2891.9,2905.03,20792
04-22-2019,2898.78,2909.51,2896.35,2907.97,17475
04-23-2019,2909.99,2936.31,2908.53,2933.68,21719
04-24-2019,2934,2936.83,2926.05,2927.25,20356
04-25-2019,2928.99,2933.1,2912.84,2926.17,20894
04-26-2019,2925.81,2939.88,2917.56,2939.88,20805
04-29-2019,2940.58,2949.52,2939.35,2943.03,18489
04-30-2019,2937.14,2948.22,2924.11,2945.83,23643
05-01-2019,2952.33,2954.13,2923.36,2923.73,22272
05-02-2019,2922.16,2931.68,2900.5,2917.52,21360
05-03-2019,2929.21,2947.85,2929.21,2945.64,18807
05-06-2019,2908.89,2937.32,2898.21,2932.47,18574
05-07-2019,2913.03,2913.03,2862.6,2884.05,22836
05-08-2019,2879.61,2897.96,2873.28,2879.42,19194
05-09-2019,2859.84,2875.97,2836.4,2870.72,21226
05-10-2019,2863.1,2891.31,2825.39,2881.4,20045
05-13-2019,2840.19,2840.19,2801.43,2811.87,23242
05-14-2019,2820.12,2852.54,2820.12,2834.41,19473
05-15-2019,2820.38,2858.68,2815.08,2850.96,18778
05-16-2019,2855.8,2892.15,2855.8,2876.32,19255
05-17-2019,2858.6,2885.48,2854.23,2859.53,18878
05-20-2019,2841.94,2853.86,2831.29,2840.23,18997
05-21-2019,2854.02,2868.88,2854.02,2864.36,18020
05-22-2019,2856.06,2865.47,2851.11,2856.27,17942
05-23-2019,2836.7,2836.7,2805.49,2822.24,22254
05-24-2019,2832.41,2841.36,2820.19,2826.06,16014
05-28-2019,2830.03,2840.51,2801.58,2802.39,25072
05-29-2019,2790.25,2792.03,2766.06,2783.02,21005
05-30-2019,2786.94,2799,2776.74,2788.86,17580
05-31-2019,2766.15,2768.98,2750.52,2752.06,22062
06-03-2019,2751.53,2763.07,2728.81,2744.45,24212
06-04-2019,2762.64,2804.49,2762.64,2803.27,22942
06-05-2019,2818.09,2827.28,2800.92,2826.15,20312
06-06-2019,2828.51,2852.1,2822.45,2843.49,19495
06-07-2019,2852.87,2884.97,2852.87,2873.34,18485
06-10-2019,2885.83,2904.77,2885.51,2886.73,18548
06-11-2019,2903.27,2910.61,2878.53,2885.72,20382
06-12-2019,2882.73,2888.57,2874.68,2879.84,16189
06-13-2019,2886.24,2895.24,2881.99,2891.64,16390
06-14-2019,2886.82,2894.45,2879.62,2886.98,15630
06-17-2019,2889.75,2897.27,2887.3,2889.67,15793
06-18-2019,2906.71,2930.79,2905.44,2917.75,20038
06-19-2019,2920.55,2931.74,2911.43,2926.46,18642
06-20-2019,2949.6,2958.06,2931.5,2954.18,20577
06-21-2019,2952.71,2964.15,2946.87,2950.46,30332
06-24-2019,2951.42,2954.92,2944.05,2945.35,17332
06-25-2019,2945.78,2946.52,2916.01,2917.38,20200
06-26-2019,2926.07,2932.59,2912.99,2913.78,20056
06-27-2019,2919.66,2929.3,2918.57,2924.92,17258
06-28-2019,2932.94,2943.98,2929.05,2941.76,29597
07-01-2019,2971.41,2977.93,2952.22,2964.33,20421
07-02-2019,2964.66,2973.21,2955.92,2973.01,16568
07-03-2019,2978.08,2995.84,2977.96,2995.82,10939
07-05-2019,2984.25,2994.03,2967.97,2990.41,12874
07-08-2019,2979.77,2980.76,2970.09,2975.95,15540
07-09-2019,2965.52,2981.9,2963.44,2979.63,16365
07-10-2019,2989.3,3002.98,2984.62,2993.07,16436
07-11-2019,2999.62,3002.33,2988.8,2999.91,17311
07-12-2019,3003.36,3013.92,3001.87,3013.77,16096
07-15-2019,3017.8,3017.8,3008.77,3014.3,16040
07-16-2019,3012.13,3015.02,3001.15,3004.04,17426
07-17-2019,3005.1,3005.26,2984.25,2984.42,17433
07-18-2019,2978.87,2998.28,2973.09,2995.11,17936
07-19-2019,3004.26,3006.02,2975.86,2976.61,18727
07-22-2019,2981.93,2990.71,2976.65,2985.03,16670
07-23-2019,2994.74,3005.9,2988.56,3005.47,18707
07-24-2019,2998.77,3019.59,2996.82,3019.56,19252
07-25-2019,3016.26,3016.31,2997.24,3003.67,19777
07-26-2019,3013.25,3027.98,3012.59,3025.86,18073
07-29-2019,3024.47,3025.61,3014.3,3020.97,17613
07-30-2019,3007.66,3017.19,3000.94,3013.18,18375
07-31-2019,3016.22,3017.4,2958.08,2980.38,27316
08-01-2019,2980.32,3013.59,2945.23,2953.56,27071
08-02-2019,2943.9,2945.5,2914.11,2932.05,22103
08-05-2019,2898.07,2898.07,2822.12,2844.74,26150
08-06-2019,2861.18,2884.4,2847.42,2881.77,21772
08-07-2019,2858.65,2892.17,2825.71,2883.98,23609
08-08-2019,2896.21,2938.72,2894.47,2938.09,22095
08-09-2019,2930.51,2935.75,2900.15,2918.65,18886
08-12-2019,2907.07,2907.58,2873.14,2883.09,14404
08-13-2019,2880.72,2943.31,2877.05,2926.32,21293
08-14-2019,2894.15,2894.15,2839.64,2840.6,25434
08-15-2019,2846.2,2856.67,2825.51,2847.6,24211
08-16-2019,2864.74,2893.63,2864.74,2888.68,20631
08-19-2019,2913.48,2931,2913.48,2923.65,17795
08-20-2019,2919.01,2923.63,2899.6,2900.51,16786
08-21-2019,2922.04,2928.73,2917.91,2924.43,15874
08-22-2019,2930.94,2939.08,2904.51,2922.95,15867
08-23-2019,2911.07,2927.01,2834.97,2847.11,23537
08-26-2019,2866.7,2879.27,2856,2878.38,15940
08-27-2019,2893.14,2898.79,2860.59,2869.16,19491
08-28-2019,2861.28,2890.03,2853.05,2887.94,16572
08-29-2019,2910.37,2930.5,2905.67,2924.58,16205
08-30-2019,2937.09,2940.43,2913.32,2926.46,16096
09-03-2019,2909.01,2914.39,2891.85,2906.27,17095
09-04-2019,2924.67,2938.84,2921.86,2937.78,16380
09-05-2019,2960.6,2985.86,2960.6,2976,19856
09-06-2019,2980.33,2985.03,2972.51,2978.71,16608
09-09-2019,2988.43,2989.43,2969.39,2978.43,21091
09-10-2019,2971.01,2979.39,2957.01,2979.39,23139
09-11-2019,2981.41,3000.93,2975.31,3000.93,20230
09-12-2019,3009.08,3020.74,3000.92,3009.57,21109
09-13-2019,3012.21,3017.33,3002.9,3007.39,18851
09-16-2019,2996.41,3002.19,2990.67,2997.96,18658
09-17-2019,2995.67,3006.21,2993.73,3005.7,18356
09-18-2019,3001.5,3007.83,2978.57,3006.73,17113
09-19-2019,3010.36,3021.99,3003.16,3006.79,15521
09-20-2019,3008.42,3016.37,2984.68,2992.07,32394
09-23-2019,2983.5,2999.15,2982.23,2991.78,15849
09-24-2019,3002.43,3007.98,2957.73,2966.6,20225
09-25-2019,2968.35,2989.82,2952.86,2984.87,17557
09-26-2019,2985.73,2987.28,2963.71,2977.62,15897
09-27-2019,2985.47,2987.31,2945.53,2961.79,17702
09-30-2019,2967.07,2983.85,2967.07,2976.74,16630
10-01-2019,2983.69,2992.53,2938.7,2940.25,18895
10-02-2019,2924.78,2924.78,2874.93,2887.61,21324
10-03-2019,2885.38,2911.13,2855.94,2910.63,18791
10-04-2019,2918.56,2953.74,2918.56,2952.01,15985
10-07-2019,2944.23,2959.75,2935.68,2938.79,14979
10-08-2019,2920.4,2925.47,2892.66,2893.06,18312
10-09-2019,2911.1,2929.32,2907.41,2919.4,14096
10-10-2019,2918.55,2948.46,2917.12,2938.13,16308
10-11-2019,2963.07,2993.28,2963.07,2970.27,19529
10-14-2019,2965.81,2972.84,2962.94,2966.15,13328
10-15-2019,2973.61,3003.28,2973.61,2995.68,16766
10-16-2019,2989.68,2997.54,2985.2,2989.69,17403
10-17-2019,3000.77,3008.29,2991.79,2997.95,16234
10-18-2019,2996.84,3000,2976.31,2986.2,19863
10-21-2019,2996.48,3007.33,2995.35,3006.72,17494
10-22-2019,3010.73,3014.57,2995.04,2995.99,18433
10-23-2019,2994.01,3004.78,2991.21,3004.52,17609
10-24-2019,3014.78,3016.07,3000.42,3010.29,19359
10-25-2019,3003.32,3027.39,3001.94,3022.55,17734
10-28-2019,3032.12,3044.08,3032.12,3039.42,18712
10-29-2019,3035.39,3047.87,3034.81,3036.89,18120
10-30-2019,3039.74,3050.1,3025.96,3046.77,19682
10-31-2019,3046.9,3046.9,3023.19,3037.56,22075
11-01-2019,3050.72,3066.95,3050.72,3066.91,19507
11-04-2019,3078.96,3085.2,3074.87,3078.27,21144
11-05-2019,3080.8,3083.95,3072.15,3074.62,22499
11-06-2019,3075.1,3078.34,3065.89,3076.78,20223
11-07-2019,3087.02,3097.77,3080.23,3085.18,21601
11-08-2019,3081.25,3093.09,3073.58,3093.08,16920
11-11-2019,3080.33,3088.33,3075.82,3087.01,14078
11-12-2019,3089.28,3102.61,3084.73,3091.84,16821
11-13-2019,3084.18,3098.06,3078.8,3094.04,17167
11-14-2019,3090.75,3098.2,3083.26,3096.63,16587
11-15-2019,3107.92,3120.46,3104.6,3120.46,18686
11-18-2019,3117.91,3124.17,3112.06,3122.03,18344
11-19-2019,3127.45,3127.64,3113.47,3120.18,19242
11-20-2019,3114.66,3118.97,3091.41,3108.46,23724
11-21-2019,3108.49,3110.11,3094.55,3103.54,18621
11-22-2019,3111.41,3112.87,3099.26,3110.29,16267
11-25-2019,3117.44,3133.83,3117.44,3133.64,19047
11-26-2019,3134.85,3142.69,3131,3140.52,24933
11-27-2019,3145.49,3154.26,3143.41,3153.63,14930
11-29-2019,3147.18,3150.3,3139.34,3140.98,8366
12-02-2019,3143.85,3144.31,3110.78,3113.87,17866
12-03-2019,3087.41,3094.97,3070.33,3093.2,19915
12-04-2019,3103.5,3119.38,3102.53,3112.76,17910
12-05-2019,3119.21,3119.45,3103.76,3117.43,16457
12-06-2019,3134.62,3150.6,3134.62,3145.91,16990
12-09-2019,3141.86,3148.87,3135.46,3135.96,15962
12-10-2019,3135.36,3142.12,3126.09,3132.52,16628
12-11-2019,3135.75,3143.98,3133.21,3141.63,17110
12-12-2019,3141.23,3176.28,3138.47,3168.57,22173
12-13-2019,3166.65,3182.68,3156.51,3168.8,19568
12-16-2019,3183.63,3197.71,3183.63,3191.45,21645
12-17-2019,3195.4,3198.22,3191.03,3192.52,19716
12-18-2019,3195.21,3198.48,3191.14,3191.14,21096
12-19-2019,3192.32,3205.48,3192.32,3205.37,19239
12-20-2019,3223.33,3225.65,3216.03,3221.22,36975
12-23-2019,3226.05,3227.78,3222.3,3224.01,15801
12-24-2019,3225.45,3226.43,3220.51,3223.38,6046
12-26-2019,3227.2,3240.08,3227.2,3239.91,10479
12-27-2019,3247.23,3247.93,3234.37,3240.02,11102
12-30-2019,3240.09,3240.92,3216.57,3221.29,11987
12-31-2019,3215.18,3231.72,3212.03,3230.78,12857
01-02-2020,3244.67,3258.14,3235.53,3257.85,18277
01-03-2020,3226.36,3246.15,3222.34,3234.85,17339
01-06-2020,3217.55,3246.84,3214.64,3246.28,18728
01-07-2020,3241.86,3244.91,3232.43,3237.18,18929
01-08-2020,3238.59,3267.07,3236.67,3253.05,19563
01-09-2020,3266.03,3275.58,3263.67,3274.7,18392
01-10-2020,3281.81,3282.99,3260.86,3265.35,16317
01-13-2020,3271.13,3288.13,3268.43,3288.13,17652
01-14-2020,3285.35,3294.25,3277.19,3283.15,19699
01-15-2020,3282.27,3298.66,3280.69,3289.29,18071
01-16-2020,3302.97,3317.11,3302.82,3316.81,17956
01-17-2020,3323.66,3329.88,3318.86,3329.62,21488
01-21-2020,3321.03,3329.79,3316.61,3320.79,21908
01-22-2020,3330.02,3337.77,3320.04,3321.75,18520
01-23-2020,3315.77,3326.88,3301.87,3325.54,20342
01-24-2020,3333.1,3333.18,3281.53,3295.47,21068
01-27-2020,3247.16,3258.85,3234.5,3243.63,21361
01-28-2020,3255.35,3285.78,3253.22,3276.24,20240
01-29-2020,3289.46,3293.47,3271.89,3273.4,21249
01-30-2020,3256.45,3285.91,3242.8,3283.66,22538
01-31-2020,3282.33,3282.33,3214.68,3225.52,26788
02-03-2020,3235.66,3268.44,3235.66,3248.92,21131
02-04-2020,3280.61,3306.92,3280.61,3297.59,21409
02-05-2020,3324.91,3337.58,3313.75,3334.69,22529
02-06-2020,3344.92,3347.96,3334.39,3345.78,19537
02-07-2020,3335.54,3341.42,3322.12,3327.71,18514
02-10-2020,3318.28,3352.26,3317.77,3352.09,17352
02-11-2020,3365.87,3375.63,3352.72,3357.75,18799
02-12-2020,3370.5,3381.47,3369.72,3379.45,20065
02-13-2020,3365.9,3385.09,3360.52,3373.94,19094
02-14-2020,3378.08,3380.69,3366.15,3380.16,16674
02-18-2020,3369.04,3375.01,3355.61,3370.29,19140
02-19-2020,3380.39,3393.52,3378.83,3386.15,17258
02-20-2020,3380.45,3389.15,3341.02,3373.23,20285
02-21-2020,3360.5,3360.76,3328.45,3337.75,21186
02-24-2020,3257.61,3259.81,3214.65,3225.89,27456
02-25-2020,3238.94,3246.99,3118.77,3128.21,31329
02-26-2020,3139.9,3182.51,3108.99,3116.39,29923
02-27-2020,3062.54,3097.07,2977.39,2978.76,39353
02-28-2020,2916.9,2959.72,2855.84,2954.22,51423
03-02-2020,2974.28,3090.96,2945.19,3090.23,38191
03-03-2020,3096.46,3136.72,2976.63,3003.37,38712
03-04-2020,3045.75,3130.97,3034.38,3130.12,30780
03-05-2020,3075.7,3083.04,2999.83,3023.94,32347
03-06-2020,2954.2,2985.93,2901.54,2972.37,39101
03-09-2020,2863.89,2863.89,2734.43,2746.56,47061
03-10-2020,2813.48,2882.59,2734,2882.23,43460
03-11-2020,2825.6,2825.6,2707.22,2741.38,42416
03-12-2020,2630.86,2660.95,2478.86,2480.64,52186
03-13-2020,2569.99,2711.33,2492.37,2711.02,48954
03-16-2020,2508.59,2562.98,2380.94,2386.13,46510
03-17-2020,2425.66,2553.93,2367.04,2529.19,48264
03-18-2020,2436.5,2453.57,2280.52,2398.1,51968
03-19-2020,2393.48,2466.97,2319.78,2409.39,45577
03-20-2020,2431.94,2453.01,2295.56,2304.92,52641
03-23-2020,2290.71,2300.73,2191.86,2237.4,46171
03-24-2020,2344.44,2449.71,2344.44,2447.33,47189
03-25-2020,2457.77,2571.42,2407.53,2475.56,48812
03-26-2020,2501.29,2637.01,2500.72,2630.07,43409
03-27-2020,2555.87,2615.91,2520.02,2541.47,35907
03-30-2020,2558.98,2631.8,2545.28,2626.65,33709
03-31-2020,2614.69,2641.39,2571.15,2584.59,39919
04-01-2020,2498.08,2522.75,2447.49,2470.5,36665
04-02-2020,2458.54,2533.22,2455.79,2526.9,38702
04-03-2020,2514.92,2538.18,2459.96,2488.65,35930
04-06-2020,2578.28,2676.85,2574.57,2663.68,40230
04-07-2020,2738.65,2756.89,2657.67,2659.41,42190
04-08-2020,2685,2760.75,2663.3,2749.98,33439
04-09-2020,2776.99,2818.57,2762.36,2789.82,43593
04-13-2020,2782.46,2782.46,2721.17,2761.63,29004
04-14-2020,2805.1,2851.85,2805.1,2846.06,31134
04-15-2020,2795.64,2801.88,2761.54,2783.36,31235
04-16-2020,2799.34,2806.51,2764.32,2799.55,31858
04-17-2020,2842.43,2879.22,2830.88,2874.56,35546
04-20-2020,2845.62,2868.98,2820.43,2823.16,29350
04-21-2020,2784.81,2785.54,2727.1,2736.56,30960
04-22-2020,2787.89,2815.1,2775.95,2799.31,27799
04-23-2020,2810.42,2844.9,2794.26,2797.8,29194
04-24-2020,2812.64,2842.71,2791.76,2836.74,28828
04-27-2020,2854.65,2887.72,2852.89,2878.48,27959
04-28-2020,2909.96,2921.15,2860.71,2863.39,32377
04-29-2020,2918.46,2954.86,2912.16,2939.51,38629
04-30-2020,2930.91,2930.91,2892.47,2912.43,37212
05-01-2020,2869.09,2869.09,2821.61,2830.71,29143
05-04-2020,2815.01,2844.24,2797.85,2842.74,28776
05-05-2020,2868.88,2898.23,2863.55,2868.44,29743
05-06-2020,2883.14,2891.11,2847.65,2848.42,28554
05-07-2020,2878.26,2901.92,2876.48,2881.19,28315
05-08-2020,2908.83,2932.16,2902.88,2929.8,26179
05-11-2020,2915.46,2944.25,2903.44,2930.32,26098
05-12-2020,2939.5,2945.82,2869.59,2870.12,26687
05-13-2020,2865.86,2874.14,2793.15,2820,35515
05-14-2020,2794.54,2852.8,2766.64,2852.5,33485
05-15-2020,2829.95,2865.01,2816.78,2863.7,33067
05-18-2020,2913.86,2968.09,2913.86,2953.91,36421
05-19-2020,2948.59,2964.21,2922.35,2922.94,28583
05-20-2020,2953.63,2980.29,2953.63,2971.61,28497
05-21-2020,2969.95,2978.5,2938.57,2948.51,27802
05-22-2020,2948.05,2956.76,2933.59,2955.45,21853
05-26-2020,3004.08,3021.72,2988.17,2991.77,33560
05-27-2020,3015.65,3036.25,2969.75,3036.13,36617
05-28-2020,3046.61,3068.67,3023.4,3029.73,31403
05-29-2020,3025.17,3049.17,2998.61,3044.31,43818
06-01-2020,3038.78,3062.18,3031.54,3055.73,25014
06-02-2020,3064.78,3081.07,3051.64,3080.82,28072
06-03-2020,3098.9,3130.94,3098.9,3122.87,31602
06-04-2020,3111.56,3128.91,3090.41,3112.35,37388
06-05-2020,3163.84,3211.72,3163.84,3193.93,47955
06-08-2020,3199.92,3233.13,3196,3232.39,36985
06-09-2020,3213.32,3222.71,3193.11,3207.18,31569
06-10-2020,3213.42,3223.27,3181.49,3190.14,35689
06-11-2020,3123.53,3123.53,2999.49,3002.1,41233
06-12-2020,3071.04,3088.42,2984.47,3041.31,33858
06-15-2020,2993.76,3079.76,2965.66,3066.59,32089
06-16-2020,3131,3153.45,3076.06,3124.74,32868
06-17-2020,3136.13,3141.16,3108.03,3113.49,24832
06-18-2020,3101.64,3120,3093.51,3115.34,23997
06-19-2020,3140.29,3155.53,3083.11,3097.74,49928
06-22-2020,3094.42,3120.92,3079.39,3117.86,25597
06-23-2020,3138.7,3154.9,3127.12,3131.29,27192
06-24-2020,3114.4,3115.01,3032.13,3050.33,32032
06-25-2020,3046.6,3086.25,3024.01,3083.76,27078
06-26-2020,3073.2,3073.73,3004.63,3009.05,43853
06-29-2020,3018.59,3053.89,2999.74,3053.24,26334
06-30-2020,3050.2,3111.51,3047.83,3100.29,27574
07-01-2020,3105.92,3128.44,3101.17,3115.86,26977
07-02-2020,3143.64,3165.81,3124.52,3130.01,23268
07-06-2020,3155.29,3182.59,3155.29,3179.72,23804
07-07-2020,3166.44,3184.15,3142.93,3145.32,22878
07-08-2020,3153.07,3171.8,3136.53,3169.94,23902
07-09-2020,3176.17,3179.78,3115.7,3152.05,25972
07-10-2020,3152.47,3186.82,3136.22,3185.04,24074
07-13-2020,3205.08,3235.32,3149.43,3155.22,26953
07-14-2020,3141.11,3200.95,3127.66,3197.52,26285
07-15-2020,3225.98,3238.28,3200.76,3226.56,28420
07-16-2020,3208.36,3220.39,3198.59,3215.57,22096
07-17-2020,3224.21,3233.52,3205.65,3224.73,22200
07-20-2020,3224.29,3258.61,3215.16,3251.84,21718
07-21-2020,3268.52,3277.29,3247.77,3257.3,24724
07-22-2020,3254.86,3279.32,3253.1,3276.02,24126
07-23-2020,3271.64,3279.99,3222.66,3235.66,27378
07-24-2020,3218.58,3227.26,3200.05,3215.63,24600
07-27-2020,3219.84,3241.43,3214.25,3239.41,23559
07-28-2020,3234.27,3243.72,3216.17,3218.44,22355
07-29-2020,3227.22,3264.74,3227.22,3258.44,24671
07-30-2020,3231.76,3250.92,3204.13,3246.22,24255
07-31-2020,3270.45,3272.17,3220.26,3271.12,30656
08-03-2020,3288.26,3302.73,3284.53,3294.61,23784
08-04-2020,3289.92,3306.84,3286.37,3306.51,24050
08-05-2020,3317.37,3330.77,3317.37,3327.77,24460
08-06-2020,3323.17,3351.03,3318.14,3349.16,24143
08-07-2020,3340.05,3352.54,3328.72,3351.28,22829
08-10-2020,3356.04,3363.29,3335.44,3360.47,25665
08-11-2020,3370.34,3381.01,3326.44,3333.69,29005
08-12-2020,3355.46,3387.89,3355.46,3380.35,22450
08-13-2020,3372.95,3387.24,3363.35,3373.43,19645
08-14-2020,3368.66,3378.51,3361.64,3372.85,17110
08-17-2020,3380.86,3387.59,3379.22,3381.99,19517
08-18-2020,3387.04,3395.06,3370.15,3389.78,17946
08-19-2020,3392.51,3399.54,3369.66,3374.85,20181
08-20-2020,3360.48,3390.8,3354.69,3385.51,18321
08-21-2020,3386.01,3399.96,3379.31,3397.16,19945
08-24-2020,3418.09,3432.09,3413.13,3431.28,22718
08-25-2020,3435.95,3444.21,3425.84,3443.62,20409
08-26-2020,3449.97,3481.07,3444.15,3478.73,20031
08-27-2020,3485.14,3501.38,3468.35,3484.55,23179
08-28-2020,3494.69,3509.23,3484.32,3508.01,20440
08-31-2020,3509.73,3514.77,3493.25,3500.31,25430
09-01-2020,3507.44,3528.03,3494.6,3526.65,22453
09-02-2020,3543.76,3588.11,3535.23,3580.84,25815
09-03-2020,3564.74,3564.85,3427.41,3455.06,31936
09-04-2020,3453.6,3479.15,3349.63,3426.96,30449
09-08-2020,3371.88,3379.97,3329.27,3331.84,30661
09-09-2020,3369.82,3424.77,3366.84,3398.96,25085
09-10-2020,3412.56,3425.55,3329.25,3339.19,25748
09-11-2020,3352.7,3368.95,3310.47,3340.97,23523
09-14-2020,3363.56,3402.93,3363.56,3383.54,23632
09-15-2020,3407.73,3419.48,3389.25,3401.2,24820
09-16-2020,3411.23,3428.92,3384.45,3385.49,28437
09-17-2020,3346.86,3375.17,3328.82,3357.01,27409
09-18-2020,3357.38,3362.27,3292.4,3319.47,40877
09-21-2020,3285.57,3285.57,3229.1,3281.06,29734
09-22-2020,3295.75,3320.31,3270.95,3315.57,23648
09-23-2020,3320.11,3323.35,3232.57,3236.92,24621
09-24-2020,3226.14,3278.7,3209.45,3246.59,23869
09-25-2020,3236.66,3306.88,3228.44,3298.46,21803
09-28-2020,3333.9,3360.74,3332.91,3351.6,22210
09-29-2020,3350.92,3357.92,3327.54,3335.47,19450
09-30-2020,3341.21,3393.56,3340.47,3363,26167
10-01-2020,3385.87,3397.18,3361.39,3380.8,23559
10-02-2020,3338.94,3369.1,3323.69,3348.44,23501
10-05-2020,3367.27,3409.57,3367.27,3408.63,20401
10-06-2020,3408.74,3431.56,3354.54,3360.95,25500
10-07-2020,3384.56,3426.26,3384.56,3419.45,20743
10-08-2020,3434.28,3447.28,3428.15,3446.83,20889
10-09-2020,3459.67,3482.34,3458.07,3477.13,22280
10-12-2020,3500.02,3549.85,3499.61,3534.22,22438
10-13-2020,3534.01,3534.01,3500.86,3511.93,23579
10-14-2020,3515.47,3527.94,3480.55,3488.67,21837
10-15-2020,3453.72,3489.08,3440.89,3483.34,20097
10-16-2020,3493.5,3515.76,3480.45,3483.81,22212
10-19-2020,3493.66,3502.42,3419.93,3426.92,21905
10-20-2020,3439.38,3476.93,3435.65,3443.12,21136
10-21-2020,3439.91,3464.86,3433.06,3435.56,20699
10-22-2020,3438.5,3460.53,3415.34,3453.49,23868
10-23-2020,3464.9,3466.46,3440.45,3465.39,21620
10-26-2020,3441.42,3441.42,3364.86,3400.97,24346
10-27-2020,3403.15,3409.51,3388.71,3390.68,23772
10-28-2020,3342.48,3342.48,3268.89,3271.03,31478
10-29-2020,3277.17,3341.05,3259.82,3310.11,27404
10-30-2020,3293.59,3304.93,3233.94,3269.96,30078
11-02-2020,3296.2,3330.14,3279.74,3310.24,25279
11-03-2020,3336.25,3389.49,3336.25,3369.02,23264
11-04-2020,3406.46,3486.25,3405.17,3443.44,29034
11-05-2020,3485.74,3529.05,3485.74,3510.45,25578
11-06-2020,3508.34,3521.58,3484.34,3509.44,21677
11-09-2020,3583.04,3645.99,3547.48,3550.5,50645
11-10-2020,3543.26,3557.22,3511.91,3545.53,34482
11-11-2020,3563.22,3581.16,3557,3572.66,25077
11-12-2020,3562.67,3569.02,3518.58,3537.01,24028
11-13-2020,3552.57,3593.66,3552.57,3585.15,22730
11-16-2020,3600.16,3628.51,3600.16,3626.91,28593
11-17-2020,3610.31,3623.11,3588.68,3609.53,24044
11-18-2020,3612.09,3619.09,3567.33,3567.79,26833
11-19-2020,3559.41,3585.22,3543.84,3581.87,22766
11-20-2020,3579.31,3581.23,3556.85,3557.54,22367
11-23-2020,3566.82,3589.81,3552.77,3577.59,25130
11-24-2020,3594.52,3642.31,3594.52,3635.41,31880
11-25-2020,3635.5,3635.5,3617.76,3629.65,23218
11-27-2020,3638.55,3644.31,3629.33,3638.35,12228
11-30-2020,3634.18,3634.18,3594.39,3621.63,36477
12-01-2020,3645.87,3678.45,3645.87,3662.45,26370
12-02-2020,3653.78,3670.96,3644.84,3669.01,23744
12-03-2020,3668.28,3682.73,3657.17,3666.72,26431
12-04-2020,3670.94,3699.2,3670.94,3699.12,25906
12-07-2020,3694.73,3697.41,3678.88,3691.96,23423
12-08-2020,3683.05,3708.45,3678.83,3702.25,22682
12-09-2020,3705.98,3712.39,3660.54,3672.82,27496
12-10-2020,3659.13,3678.49,3645.18,3668.1,23902
12-11-2020,3656.08,3665.91,3633.4,3663.46,23117
12-14-2020,3675.27,3697.61,3645.84,3647.49,25089
12-15-2020,3666.41,3695.29,3659.62,3694.62,25122
12-16-2020,3696.25,3711.27,3688.57,3701.17,22450
12-17-2020,3713.65,3725.12,3710.87,3722.48,21951
12-18-2020,3722.39,3726.7,3685.84,3709.41,42744
12-21-2020,3684.28,3702.9,3636.48,3694.92,26442
12-22-2020,3698.08,3698.26,3676.16,3687.26,21739
12-23-2020,3693.42,3711.24,3689.28,3690.01,18253
12-24-2020,3694.03,3703.82,3689.32,3703.06,8147
12-28-2020,3723.03,3740.51,3723.03,3735.36,16511
12-29-2020,3750.01,3756.12,3723.31,3727.04,16395
12-30-2020,3736.19,3744.63,3730.21,3732.04,15594
12-31-2020,3733.27,3760.2,3726.88,3756.07,16615
01-04-2021,3764.61,3769.99,3662.71,3700.65,27328
01-05-2021,3698.02,3737.83,3695.07,3726.86,23526
01-06-2021,3712.2,3783.04,3705.34,3748.14,31720
01-07-2021,3764.71,3811.55,3764.71,3803.79,25718
01-08-2021,3815.05,3826.69,3783.6,3824.68,23813
01-11-2021,3803.14,3817.86,3789.02,3799.61,23193
01-12-2021,3801.62,3810.78,3776.51,3801.19,26292
01-13-2021,3802.23,3820.96,3791.5,3809.84,23331
01-14-2021,3814.98,3823.6,3792.86,3795.54,27083
01-15-2021,3788.73,3788.73,3749.62,3768.25,27449
01-19-2021,3781.88,3804.53,3780.37,3798.91,24618
01-20-2021,3816.22,3859.75,3816.22,3851.85,23448
01-21-2021,3857.46,3861.45,3845.05,3853.07,25716
01-22-2021,3844.24,3852.31,3830.41,3841.47,22878
01-25-2021,3851.68,3859.23,3797.16,3855.36,27854
01-26-2021,3862.96,3870.9,3847.78,3849.62,25579
01-27-2021,3836.83,3836.83,3732.48,3750.77,37980
01-28-2021,3755.75,3830.5,3755.75,3787.38,32503
01-29-2021,3778.05,3778.05,3694.12,3714.24,33116
02-01-2021,3731.17,3784.32,3725.62,3773.86,24420
02-02-2021,3791.84,3843.09,3791.84,3826.31,24154
02-03-2021,3840.27,3847.51,3816.68,3830.17,22647
02-04-2021,3836.66,3872.42,3836.66,3871.74,23634
02-05-2021,3878.3,3894.56,3874.93,3886.83,21274
02-08-2021,3892.59,3915.77,3892.59,3915.59,21605
02-09-2021,3910.49,3918.35,3902.64,3911.23,20632
02-10-2021,3920.78,3931.5,3884.94,3909.88,22820
02-11-2021,3916.4,3925.99,3890.39,3916.38,21254
02-12-2021,3911.65,3937.23,3905.78,3934.83,18135
02-16-2021,3939.61,3950.43,3923.85,3932.59,22924
02-17-2021,3918.5,3933.61,3900.43,3931.33,21320
02-18-2021,3915.86,3921.98,3885.03,3913.97,20060
02-19-2021,3921.16,3930.41,3903.07,3906.71,23024
02-22-2021,3885.55,3902.92,3874.71,3876.5,27507
02-23-2021,3857.07,3895.98,3805.59,3881.37,29450
02-24-2021,3873.71,3928.65,3859.6,3925.43,27827
02-25-2021,3915.8,3925.02,3814.04,3829.34,29241
02-26-2021,3839.66,3861.08,3789.54,3811.15,31200
03-01-2021,3842.51,3914.5,3842.51,3901.82,24062
03-02-2021,3903.64,3906.41,3868.57,3870.29,22849
03-03-2021,3863.99,3874.47,3818.86,3819.72,27191
03-04-2021,3818.53,3843.67,3723.34,3768.47,34432
03-05-2021,3793.58,3851.69,3730.19,3841.94,33254
03-08-2021,3844.39,3881.06,3819.25,3821.35,29916
03-09-2021,3851.93,3903.76,3851.93,3875.44,27794
03-10-2021,3891.99,3917.35,3885.73,3898.81,26612
03-11-2021,3915.54,3960.27,3915.54,3939.34,25722
03-12-2021,3924.52,3944.99,3915.21,3943.34,22721
03-15-2021,3942.96,3970.08,3923.54,3968.94,23937
03-16-2021,3973.59,3981.04,3953.44,3962.71,23671
03-17-2021,3949.57,3983.87,3935.74,3974.12,24480
03-18-2021,3953.5,3969.62,3910.86,3915.46,26822
03-19-2021,3913.14,3930.12,3886.75,3913.1,46396
03-22-2021,3916.48,3955.31,3914.16,3940.59,22999
03-23-2021,3937.6,3949.13,3901.57,3910.52,24961
03-24-2021,3919.93,3942.08,3889.07,3889.14,24168
03-25-2021,3879.34,3919.54,3853.5,3909.52,23950
03-26-2021,3917.12,3978.19,3917.12,3974.54,26454
03-29-2021,3969.31,3981.83,3943.25,3971.09,24129
03-30-2021,3963.34,3968.01,3944.35,3958.55,21150
03-31-2021,3967.25,3994.41,3966.98,3972.89,24166
04-01-2021,3992.78,4020.63,3992.78,4019.87,21655
04-05-2021,4034.44,4083.42,4034.44,4077.91,22238
04-06-2021,4075.57,4086.23,4068.14,4073.94,21242
04-07-2021,4074.29,4083.13,4068.31,4079.95,19557
04-08-2021,4089.95,4098.19,4082.54,4097.17,20120
04-09-2021,4096.11,4129.48,4095.51,4128.8,18805
04-12-2021,4124.71,4131.76,4114.82,4127.99,19221
04-13-2021,4130.1,4148,4124.43,4141.59,20620
04-14-2021,4141.58,4151.69,4120.87,4124.66,20919
04-15-2021,4139.76,4173.49,4139.76,4170.42,21254
04-16-2021,4174.14,4191.31,4170.75,4185.47,22103
04-19-2021,4179.8,4180.81,4150.47,4163.26,19855
04-20-2021,4159.18,4159.18,4118.38,4134.94,22895
04-21-2021,4128.42,4175.02,4126.35,4173.42,21016
04-22-2021,4170.46,4179.57,4123.69,4134.98,23927
04-23-2021,4138.78,4194.17,4138.78,4180.17,20125
04-26-2021,4185.03,4194.19,4182.36,4187.62,19380
04-27-2021,4188.25,4193.35,4176.22,4186.72,20215
04-28-2021,4185.14,4201.53,4181.78,4183.18,21336
04-29-2021,4206.14,4218.78,4176.81,4211.47,25005
04-30-2021,4198.1,4198.1,4174.85,4181.17,24206
05-03-2021,4191.98,4209.39,4188.03,4192.66,21816
05-04-2021,4179.04,4179.04,4128.59,4164.66,25506
05-05-2021,4177.06,4187.72,4160.94,4167.59,17599
05-06-2021,4169.14,4202.7,4147.33,4201.62,22429
05-07-2021,4210.34,4238.04,4201.64,4232.6,20534
05-10-2021,4228.29,4236.39,4188.13,4188.43,23223
05-11-2021,4150.34,4162.04,4111.53,4152.1,24381
05-12-2021,4130.55,4134.73,4056.88,4063.04,23975
05-13-2021,4074.99,4131.58,4074.99,4112.5,21642
05-14-2021,4129.58,4183.13,4129.58,4173.85,19081
05-17-2021,4169.92,4171.92,4142.69,4163.29,22695
05-18-2021,4165.94,4169.15,4125.99,4127.83,23271
05-19-2021,4098.45,4116.93,4061.41,4115.68,24035
05-20-2021,4121.97,4172.8,4121.97,4159.12,21611
05-21-2021,4168.61,4188.72,4151.72,4155.86,21925
05-24-2021,4170.16,4209.52,4170.16,4197.05,18481
05-25-2021,4205.94,4213.42,4182.52,4188.13,21094
05-26-2021,4191.59,4202.61,4184.11,4195.99,20550
05-27-2021,4201.94,4213.38,4197.78,4200.88,33949
05-28-2021,4210.77,4218.36,4203.57,4204.11,19603
06-01-2021,4216.52,4234.12,4197.59,4202.04,20996
06-02-2021,4206.82,4217.37,4198.27,4208.12,20306
06-03-2021,4191.43,4204.39,4167.93,4192.85,22119
06-04-2021,4206.05,4233.45,4206.05,4229.89,18771
06-07-2021,4229.34,4232.34,4215.66,4226.52,17449
06-08-2021,4233.81,4236.74,4208.41,4227.26,21209
06-09-2021,4232.99,4237.09,4218.74,4219.55,18012
06-10-2021,4228.56,4249.74,4220.34,4239.18,19526
06-11-2021,4242.9,4248.38,4232.25,4247.44,16850
06-14-2021,4248.31,4255.59,4234.07,4255.15,18530
06-15-2021,4255.28,4257.16,4238.35,4246.59,18268
06-16-2021,4248.87,4251.89,4202.45,4223.7,22165
06-17-2021,4220.37,4232.29,4196.05,4221.86,25802
06-18-2021,4204.78,4204.78,4164.4,4166.45,36192
06-21-2021,4173.4,4226.24,4173.4,4224.79,20431
06-22-2021,4224.61,4255.84,4217.27,4246.44,17835
06-23-2021,4249.27,4256.6,4241.43,4241.84,17749
06-24-2021,4256.97,4271.28,4256.97,4266.49,18658
06-25-2021,4274.45,4286.12,4271.16,4280.7,27498
06-28-2021,4284.9,4292.14,4274.67,4290.61,19859
06-29-2021,4293.21,4300.52,4287.04,4291.8,18338
06-30-2021,4290.65,4302.43,4287.96,4297.5,19523
07-01-2021,4300.73,4320.66,4300.73,4319.94,18206
07-02-2021,4326.6,4355.43,4326.6,4352.34,15309
07-06-2021,4356.46,4356.46,4314.37,4343.54,20557
07-07-2021,4351.01,4361.88,4329.79,4358.13,19356
07-08-2021,4321.07,4330.88,4289.37,4320.82,20596
07-09-2021,4329.38,4371.6,4329.38,4369.55,17950
07-12-2021,4372.41,4386.68,4364.03,4384.63,17099
07-13-2021,4381.07,4392.37,4366.92,4369.21,17619
07-14-2021,4380.11,4393.68,4362.36,4374.3,20196
07-15-2021,4369.02,4369.02,4340.7,4360.03,19866
07-16-2021,4367.43,4375.09,4322.53,4327.16,20271
07-19-2021,4296.4,4296.4,4233.13,4258.49,28402
07-20-2021,4265.11,4336.84,4262.05,4323.06,24265
07-21-2021,4331.13,4359.7,4331.13,4358.69,21368
07-22-2021,4361.27,4369.87,4350.06,4367.48,18436
07-23-2021,4381.2,4415.18,4381.2,4411.79,17774
07-26-2021,4409.58,4422.73,4405.45,4422.3,18023
07-27-2021,4416.38,4416.38,4372.51,4401.46,20735
07-28-2021,4402.95,4415.47,4387.01,4400.64,20925
07-29-2021,4403.59,4429.97,4403.59,4419.15,20094
07-30-2021,4395.12,4412.25,4389.65,4395.26,22461
08-02-2021,4406.86,4422.18,4384.81,4387.16,19815
08-03-2021,4392.74,4423.79,4373,4423.15,22041
08-04-2021,4415.95,4416.17,4400.23,4402.66,23214
08-05-2021,4408.86,4429.76,4408.86,4429.1,19659
08-06-2021,4429.07,4440.82,4429.07,4436.52,18345
08-09-2021,4437.77,4439.39,4424.74,4432.35,17174
08-10-2021,4435.79,4445.21,4430.03,4436.75,19149
08-11-2021,4442.18,4449.44,4436.42,4447.7,18722
08-12-2021,4446.08,4461.77,4435.96,4460.83,16360
08-13-2021,4464.84,4468.37,4460.82,4468,15376
08-16-2021,4461.65,4480.26,4437.66,4479.71,17330
08-17-2021,4462.12,4462.12,4417.83,4448.08,19125
08-18-2021,4440.94,4454.32,4397.59,4400.27,18927
08-19-2021,4382.44,4418.61,4367.73,4405.8,22070
08-20-2021,4410.56,4444.35,4406.8,4441.67,18131
08-23-2021,4450.29,4489.88,4450.29,4479.53,18545
08-24-2021,4484.4,4492.81,4482.28,4486.23,17461
08-25-2021,4490.45,4501.71,4485.66,4496.19,17712
08-26-2021,4493.75,4495.9,4468.99,4470,16413
08-27-2021,4474.1,4513.33,4474.1,4509.37,16681
08-30-2021,4513.76,4537.36,4513.76,4528.79,15665
08-31-2021,4529.75,4531.39,4515.8,4522.68,21617
09-01-2021,4528.8,4537.11,4522.02,4524.09,19335
09-02-2021,4534.48,4545.85,4524.66,4536.95,17820
09-03-2021,4532.42,4541.45,4521.3,4535.43,15334
09-07-2021,4535.38,4535.38,4513,4520.03,17817
09-08-2021,4518.09,4521.79,4493.95,4514.07,17844
09-09-2021,4513.02,4529.9,4492.07,4493.28,18188
09-10-2021,4506.92,4520.47,4457.66,4458.58,18487
09-13-2021,4474.81,4492.99,4445.7,4468.73,20326
09-14-2021,4479.33,4485.68,4435.46,4443.05,20244
09-15-2021,4447.49,4486.87,4438.37,4480.7,21261
09-16-2021,4477.09,4485.87,4443.8,4473.75,18312
09-17-2021,4469.74,4471.52,4427.76,4432.99,37860
09-20-2021,4402.95,4402.95,4305.91,4357.73,25983
09-21-2021,4374.45,4394.87,4347.96,4354.19,19147
09-22-2021,4367.43,4416.75,4367.43,4395.64,20035
09-23-2021,4406.75,4465.4,4406.75,4448.98,19671
09-24-2021,4438.04,4463.12,4430.27,4455.48,16869
09-27-2021,4442.12,4457.3,4436.19,4443.11,20436
09-28-2021,4419.54,4419.54,4346.33,4352.63,23852
09-29-2021,4362.41,4385.57,4355.08,4359.46,18979
09-30-2021,4370.67,4382.55,4306.24,4307.54,22839
10-01-2021,4317.16,4375.19,4288.52,4357.04,22078
10-04-2021,4348.84,4355.51,4278.94,4300.46,24385
10-05-2021,4309.87,4369.23,4309.87,4345.72,20294
10-06-2021,4319.57,4365.57,4290.49,4363.55,20601
10-07-2021,4383.73,4429.97,4383.73,4399.76,19496
10-08-2021,4406.51,4412.02,4386.22,4391.34,16941
10-11-2021,4385.44,4415.88,4360.59,4361.19,16951
10-12-2021,4368.31,4374.89,4342.09,4350.65,19621
10-13-2021,4358.01,4372.87,4329.92,4363.8,19394
10-14-2021,4386.75,4439.73,4386.75,4438.26,19450
10-15-2021,4447.69,4475.82,4447.69,4471.37,20523
10-18-2021,4463.72,4488.75,4447.47,4486.46,18716
10-19-2021,4497.34,4520.4,4496.41,4519.63,17014
10-20-2021,4524.42,4540.87,4524.4,4536.19,18377
10-21-2021,4532.24,4551.44,4526.89,4549.78,18984
10-22-2021,4546.12,4559.67,4524,4544.9,18188
10-25-2021,4553.69,4572.62,4537.36,4566.48,18496
10-26-2021,4578.69,4598.53,4569.17,4574.79,20168
10-27-2021,4580.22,4584.57,4551.66,4551.68,22436
10-28-2021,4562.84,4597.55,4562.84,4596.42,21774
10-29-2021,4572.87,4608.08,4567.59,4605.38,23460
11-01-2021,4610.62,4620.34,4595.06,4613.67,20308
11-02-2021,4613.34,4635.15,4613.34,4630.65,21467
11-03-2021,4630.65,4663.46,4621.19,4660.57,21509
11-04-2021,4662.93,4683,4662.59,4680.06,25576
11-05-2021,4699.26,4718.5,4681.32,4697.53,25951
11-08-2021,4701.48,4714.92,4694.39,4701.7,22057
11-09-2021,4707.25,4708.53,4670.87,4685.25,20674
11-10-2021,4670.26,4684.85,4630.86,4646.71,21417
11-11-2021,4659.39,4664.55,4648.31,4649.27,17285
11-12-2021,4655.24,4688.47,4650.77,4682.85,18717
11-15-2021,4689.3,4697.42,4672.86,4682.8,18299
11-16-2021,4679.42,4714.95,4679.42,4700.9,19292
11-17-2021,4701.5,4701.5,4684.41,4688.67,20573
11-18-2021,4700.72,4708.8,4672.78,4704.54,22232
11-19-2021,4708.44,4717.75,4694.22,4697.96,24424
11-22-2021,4712,4743.83,4682.17,4682.94,24662
11-23-2021,4678.48,4699.39,4652.66,4690.7,22289
11-24-2021,4675.78,4702.87,4659.89,4701.46,18515
11-26-2021,4664.63,4664.63,4585.43,4594.62,20983
11-29-2021,4628.75,4672.95,4625.26,4655.27,24973
11-30-2021,4640.25,4646.02,4560,4567,40681
12-01-2021,4602.82,4652.94,4510.27,4513.04,30449
12-02-2021,4504.73,4595.46,4504.73,4577.1,28010
12-03-2021,4589.49,4608.03,4495.12,4538.43,27145
12-06-2021,4548.37,4612.6,4540.51,4591.67,25823
12-07-2021,4631.97,4694.04,4631.97,4686.75,24841
12-08-2021,4690.86,4705.06,4674.52,4701.21,21637
12-09-2021,4691,4695.26,4665.98,4667.45,19927
12-10-2021,4687.64,4713.57,4670.24,4712.02,21172
12-13-2021,4710.3,4710.3,4667.6,4668.97,24262
12-14-2021,4642.99,4660.47,4606.52,4634.09,24544
12-15-2021,4636.46,4712.6,4611.22,4709.85,25611
12-16-2021,4719.13,4731.99,4651.89,4668.67,27457
12-17-2021,4652.5,4666.7,4600.22,4620.64,45790
12-20-2021,4587.9,4587.9,4531.1,4568.02,24340
12-21-2021,4594.96,4651.14,4583.16,4649.23,22601
12-22-2021,4650.36,4697.67,4645.53,4696.56,18446
12-23-2021,4703.96,4740.74,4703.96,4725.79,15943
12-27-2021,4733.99,4791.49,4733.99,4791.19,15053
12-28-2021,4795.49,4807.02,4780.04,4786.35,14251
12-29-2021,4788.64,4804.06,4778.08,4793.06,13548
12-30-2021,4794.23,4808.93,4775.33,4778.73,13537
12-31-2021,4775.21,4786.83,4765.75,4766.18,13402
01-03-2022,4778.14,4796.64,4758.17,4796.56,22095
01-04-2022,4804.51,4818.62,4774.27,4793.54,28138
01-05-2022,4787.99,4797.7,4699.44,4700.58,28037
01-06-2022,4693.39,4725.01,4671.26,4696.05,23798
01-07-2022,4697.66,4707.95,4662.74,4677.03,24161
01-10-2022,4655.34,4673.02,4582.24,4670.29,26758
01-11-2022,4669.14,4714.13,4638.27,4713.07,22440
01-12-2022,4728.59,4748.83,4706.71,4726.35,21174
01-13-2022,4733.56,4744.13,4650.29,4659.03,23746
01-14-2022,4637.99,4665.13,4614.75,4662.85,25220
01-18-2022,4632.24,4632.24,4568.7,4577.11,27373
01-19-2022,4588.03,4611.55,4530.2,4532.76,24834
01-20-2022,4547.35,4602.11,4477.95,4482.73,25410
01-21-2022,4471.38,4494.52,4395.34,4397.94,31970
01-24-2022,4356.32,4417.35,4222.62,4410.13,38916
01-25-2022,4366.64,4411.01,4287.11,4356.45,30570
01-26-2022,4408.43,4453.23,4304.8,4349.93,32310
01-27-2022,4380.58,4428.74,4309.5,4326.51,30408
01-28-2022,4336.19,4432.72,4292.46,4431.85,29132
01-31-2022,4431.79,4516.89,4414.02,4515.55,29632
02-01-2022,4519.57,4550.49,4483.53,4546.54,27127
02-02-2022,4566.39,4595.31,4544.32,4589.38,29040
02-03-2022,4535.41,4542.88,4470.39,4477.44,26865
"The data and information in this spreadsheet is provided to you solely for"
"your use and is not for distribution. The spreadsheet is provided for"
"informational purposes only, and is not intended to provide advice, nor"
"should it be construed as an offer to sell, a solicitation of an offer to buy"
"or a recommendation for any security by Fidelity or any third party. Data"
"and information shown is based on information known to Fidelity as of"
"the date it was exported and is subject to change. It should not be used in"
"place of your account statements or trade confirmations and is not"
"intended for tax reporting purposes. For more information on the data"
"included in this spreadsheet, including any limitations thereof, go to"
"Fidelity.com."
""
"Brokerage services are provided by Fidelity Brokerage Services LLC, 900"
"Salem Street, Smithfield, RI 02917. Custody and other services provided"
"by National Financial Services LLC. Both are Fidelity Investment"
"companies and members SIPC, NYSE."

Date downloaded 02-03-2022 05:03 PM EST